This is LuaHBTeX, Version 1.24.0 (TeX Live 2026/Arch Linux)  (format=lualatex 2026.6.14)  30 SEP 2026 14:56
 restricted system commands enabled.
 file:line:error style messages enabled.
**\def\RaizSubdocumentos{subdocumentos}\def\NumeroSubdoc{4}\def\FormularioActua
l{T-11}\def\FolioInicialExterno{1}\def\NombreArchivo{AUDIT-Formulario-T-11}\def
\ArchivoActual{AUDIT-Formulario-T-11}\def\ArchivoExternos{salida/aux/informe2/0
4T-11/externos.tex}\input{formulario.tex}
Lua module: luaotfload 2024-12-03 v3.29 Lua based OpenType font support
Lua module: lualibs 2023-07-13 v2.76 ConTeXt Lua standard libraries.
Lua module: lualibs-extended 2023-07-13 v2.76 ConTeXt Lua libraries -- extended collection.
luaotfload | conf : Root cache directory is "/home/disco/.texlive/texmf-var/luatex-cache/generic/names".
luaotfload | init : Loading fontloader "fontloader-2023-12-28.lua" from kpse-resolved path "/usr/share/texmf-dist/tex/luatex/luaotfload/fontloader-2023-12-28.lua".
Lua-only attribute luaotfload@noligature = 1
luaotfload | init : Context OpenType loader version 3.134
Inserting `luaotfload.node_processor' in `pre_linebreak_filter'.
Inserting `luaotfload.node_processor' in `hpack_filter'.
Inserting `luaotfload.glyph_stream' in `glyph_stream_provider'.
Inserting `luaotfload.define_font' in `define_font'.
Lua-only attribute luaotfload_color_attribute = 2
luaotfload | conf : Root cache directory is "/home/disco/.texlive/texmf-var/luatex-cache/generic/names".
Inserting `luaotfload.harf.strip_prefix' in `find_opentype_file'.
Inserting `luaotfload.harf.strip_prefix' in `find_truetype_file'.
Removing  `luaotfload.glyph_stream' from `glyph_stream_provider'.
Inserting `luaotfload.harf.glyphstream' in `glyph_stream_provider'.
Inserting `luaotfload.harf.finalize_vlist' in `post_linebreak_filter'.
Inserting `luaotfload.harf.finalize_hlist' in `hpack_filter'.
Inserting `luaotfload.cleanup_files' in `wrapup_run'.
Inserting `luaotfload.harf.finalize_unicode' in `finish_pdffile'.
Inserting `luaotfload.glyphinfo' in `glyph_info'.
Lua-only attribute luaotfload.letterspace_done = 3
Inserting `luaotfload.aux.set_sscale_dimens' in `luaotfload.patch_font'.
Inserting `luaotfload.aux.set_font_index' in `luaotfload.patch_font'.
Inserting `luaotfload.aux.patch_cambria_domh' in `luaotfload.patch_font'.
Inserting `luaotfload.aux.fixup_fontdata' in `luaotfload.patch_font_unsafe'.
Inserting `luaotfload.aux.set_capheight' in `luaotfload.patch_font'.
Inserting `luaotfload.aux.set_xheight' in `luaotfload.patch_font'.
Inserting `luaotfload.rewrite_fontname' in `luaotfload.patch_font'.
Inserting `tracingstacklevels' in `input_level_string'.
(/mnt/NuevoVol/FEP/Formato-Oferta-audIT/formulario.tex
(/mnt/NuevoVol/FEP/Formato-Oferta-audIT/estilo/audit-oferta.cls
Document Class: audit-oferta 2026/09/26 v1.0 Oferta tecnica audIT
(/usr/share/texmf-dist/tex/latex/base/report.cls
Document Class: report 2025/01/22 v1.4n Standard LaTeX document class
(/usr/share/texmf-dist/tex/latex/base/size11.clo
File: size11.clo 2025/01/22 v1.4n Standard LaTeX file (size option)
luaotfload | db : Font names database loaded from /home/disco/.texlive/texmf-var
/luatex-cache/generic/names/luaotfload-names.luc.gz)
\c@part=\count273
\c@chapter=\count274
\c@section=\count275
\c@subsection=\count276
\c@subsubsection=\count277
\c@paragraph=\count278
\c@subparagraph=\count279
\c@figure=\count280
\c@table=\count281
\abovecaptionskip=\skip49
\belowcaptionskip=\skip50
\bibindent=\dimen147
)
(/usr/share/texmf-dist/tex/generic/iftex/iftex.sty
Package: iftex 2024/12/12 v1.0g TeX engine tests
)
(/usr/share/texmf-dist/tex/latex/etoolbox/etoolbox.sty
Package: etoolbox 2025/10/02 v2.5m e-TeX tools for LaTeX (JAW)
\etb@tempcnta=\count282
)
(/usr/share/texmf-dist/tex/latex/tools/calc.sty
Package: calc 2025/03/01 v4.3b Infix arithmetic (KKT,FJ)
\calc@Acount=\count283
\calc@Bcount=\count284
\calc@Adimen=\dimen148
\calc@Bdimen=\dimen149
\calc@Askip=\skip51
\calc@Bskip=\skip52
LaTeX Info: Redefining \setlength on input line 86.
LaTeX Info: Redefining \addtolength on input line 87.
\calc@Ccount=\count285
\calc@Cskip=\skip53
)
(/usr/share/texmf-dist/tex/latex/xcolor/xcolor.sty
Package: xcolor 2024/09/29 v3.02 LaTeX color extensions (UK)

(/usr/share/texmf-dist/tex/latex/graphics-cfg/color.cfg
File: color.cfg 2016/01/02 v1.6 sample color configuration
)
Package xcolor Info: Driver file: luatex.def on input line 274.

(/usr/share/texmf-dist/tex/latex/graphics-def/luatex.def
File: luatex.def 2025/09/29 v1.2f Graphics/color driver for luatex
)
(/usr/share/texmf-dist/tex/latex/graphics/mathcolor.ltx)
Package xcolor Info: Model `cmy' substituted by `cmy0' on input line 1349.
Package xcolor Info: Model `hsb' substituted by `rgb' on input line 1353.
Package xcolor Info: Model `RGB' extended on input line 1365.
Package xcolor Info: Model `HTML' substituted by `rgb' on input line 1367.
Package xcolor Info: Model `Hsb' substituted by `hsb' on input line 1368.
Package xcolor Info: Model `tHsb' substituted by `hsb' on input line 1369.
Package xcolor Info: Model `HSB' substituted by `hsb' on input line 1370.
Package xcolor Info: Model `Gray' substituted by `gray' on input line 1371.
Package xcolor Info: Model `wave' substituted by `hsb' on input line 1372.
)
(/usr/share/texmf-dist/tex/latex/colortbl/colortbl.sty
Package: colortbl 2024/10/29 v1.0k Color table columns (DPC)

(/usr/share/texmf-dist/tex/latex/tools/array.sty
Package: array 2025/09/25 v2.6n Tabular extension package (FMi)
\col@sep=\dimen150
\ar@mcellbox=\box53
\extrarowheight=\dimen151
\NC@list=\toks17
\extratabsurround=\skip54
\backup@length=\skip55
\ar@cellbox=\box54
)
\everycr=\toks18
\minrowclearance=\skip56
\rownum=\count286
)
(/usr/share/texmf-dist/tex/latex/graphics/graphicx.sty
Package: graphicx 2024/12/31 v1.2e Enhanced LaTeX Graphics (DPC,SPQR)

(/usr/share/texmf-dist/tex/latex/graphics/keyval.sty
Package: keyval 2022/05/29 v1.15 key=value parser (DPC)
\KV@toks@=\toks19
)
(/usr/share/texmf-dist/tex/latex/graphics/graphics.sty
Package: graphics 2024/08/06 v1.4g Standard LaTeX Graphics (DPC,SPQR)

(/usr/share/texmf-dist/tex/latex/graphics/trig.sty
Package: trig 2023/12/02 v1.11 sin cos tan (DPC)
)
(/usr/share/texmf-dist/tex/latex/graphics-cfg/graphics.cfg
File: graphics.cfg 2016/06/04 v1.11 sample graphics configuration
)
Package graphics Info: Driver file: luatex.def on input line 106.
)
\Gin@req@height=\dimen152
\Gin@req@width=\dimen153
)
(/usr/share/texmf-dist/tex/latex/pgf/frontendlayer/tikz.sty
(/usr/share/texmf-dist/tex/latex/pgf/basiclayer/pgf.sty
(/usr/share/texmf-dist/tex/latex/pgf/utilities/pgfrcs.sty
(/usr/share/texmf-dist/tex/generic/pgf/utilities/pgfutil-common.tex
\pgfutil@everybye=\toks20
\pgfutil@tempdima=\dimen154
\pgfutil@tempdimb=\dimen155
)
(/usr/share/texmf-dist/tex/generic/pgf/utilities/pgfutil-latex.def
\pgfutil@abb=\box55
)
(/usr/share/texmf-dist/tex/generic/pgf/utilities/pgfrcs.code.tex
(/usr/share/texmf-dist/tex/generic/pgf/pgf.revision.tex)
Package: pgfrcs 2025-08-29 v3.1.11a (3.1.11a)
))
Package: pgf 2025-08-29 v3.1.11a (3.1.11a)

(/usr/share/texmf-dist/tex/latex/pgf/basiclayer/pgfcore.sty
(/usr/share/texmf-dist/tex/latex/pgf/systemlayer/pgfsys.sty
(/usr/share/texmf-dist/tex/generic/pgf/systemlayer/pgfsys.code.tex
Package: pgfsys 2025-08-29 v3.1.11a (3.1.11a)

(/usr/share/texmf-dist/tex/generic/pgf/utilities/pgfkeys.code.tex
\pgfkeys@pathtoks=\toks21
\pgfkeys@temptoks=\toks22

(/usr/share/texmf-dist/tex/generic/pgf/utilities/pgfkeyslibraryfiltered.code.te
x
\pgfkeys@tmptoks=\toks23
))
\pgf@x=\dimen156
\pgf@y=\dimen157
\pgf@xa=\dimen158
\pgf@ya=\dimen159
\pgf@xb=\dimen160
\pgf@yb=\dimen161
\pgf@xc=\dimen162
\pgf@yc=\dimen163
\pgf@xd=\dimen164
\pgf@yd=\dimen165
\w@pgf@writea=\write3
\r@pgf@reada=\read2
\c@pgf@counta=\count287
\c@pgf@countb=\count288
\c@pgf@countc=\count289
\c@pgf@countd=\count290
\t@pgf@toka=\toks24
\t@pgf@tokb=\toks25
\t@pgf@tokc=\toks26
\pgf@sys@id@count=\count291
 (/usr/share/texmf-dist/tex/generic/pgf/systemlayer/pgf.cfg
File: pgf.cfg 2025-08-29 v3.1.11a (3.1.11a)
)
Driver file for pgf: pgfsys-luatex.def

(/usr/share/texmf-dist/tex/generic/pgf/systemlayer/pgfsys-luatex.def
File: pgfsys-luatex.def 2025-08-29 v3.1.11a (3.1.11a)

(/usr/share/texmf-dist/tex/generic/pgf/systemlayer/pgfsys-common-pdf.def
File: pgfsys-common-pdf.def 2025-08-29 v3.1.11a (3.1.11a)
)))
(/usr/share/texmf-dist/tex/generic/pgf/systemlayer/pgfsyssoftpath.code.tex
File: pgfsyssoftpath.code.tex 2025-08-29 v3.1.11a (3.1.11a)
\pgfsyssoftpath@smallbuffer@items=\count292
\pgfsyssoftpath@bigbuffer@items=\count293
)
(/usr/share/texmf-dist/tex/generic/pgf/systemlayer/pgfsysprotocol.code.tex
File: pgfsysprotocol.code.tex 2025-08-29 v3.1.11a (3.1.11a)
))
(/usr/share/texmf-dist/tex/generic/pgf/basiclayer/pgfcore.code.tex
Package: pgfcore 2025-08-29 v3.1.11a (3.1.11a)

(/usr/share/texmf-dist/tex/generic/pgf/math/pgfmath.code.tex
(/usr/share/texmf-dist/tex/generic/pgf/math/pgfmathutil.code.tex)
(/usr/share/texmf-dist/tex/generic/pgf/math/pgfmathparser.code.tex
\pgfmath@dimen=\dimen166
\pgfmath@count=\count294
\pgfmath@box=\box56
\pgfmath@toks=\toks27
\pgfmath@stack@operand=\toks28
\pgfmath@stack@operation=\toks29
)
(/usr/share/texmf-dist/tex/generic/pgf/math/pgfmathfunctions.code.tex)
(/usr/share/texmf-dist/tex/generic/pgf/math/pgfmathfunctions.basic.code.tex)
(/usr/share/texmf-dist/tex/generic/pgf/math/pgfmathfunctions.trigonometric.code
.tex)
(/usr/share/texmf-dist/tex/generic/pgf/math/pgfmathfunctions.random.code.tex)
(/usr/share/texmf-dist/tex/generic/pgf/math/pgfmathfunctions.comparison.code.te
x) (/usr/share/texmf-dist/tex/generic/pgf/math/pgfmathfunctions.base.code.tex)
(/usr/share/texmf-dist/tex/generic/pgf/math/pgfmathfunctions.round.code.tex)
(/usr/share/texmf-dist/tex/generic/pgf/math/pgfmathfunctions.misc.code.tex)
(/usr/share/texmf-dist/tex/generic/pgf/math/pgfmathfunctions.integerarithmetics
.code.tex) (/usr/share/texmf-dist/tex/generic/pgf/math/pgfmathcalc.code.tex)
(/usr/share/texmf-dist/tex/generic/pgf/math/pgfmathfloat.code.tex
\c@pgfmathroundto@lastzeros=\count295
))
(/usr/share/texmf-dist/tex/generic/pgf/math/pgfint.code.tex)
(/usr/share/texmf-dist/tex/generic/pgf/basiclayer/pgfcorepoints.code.tex
File: pgfcorepoints.code.tex 2025-08-29 v3.1.11a (3.1.11a)
\pgf@picminx=\dimen167
\pgf@picmaxx=\dimen168
\pgf@picminy=\dimen169
\pgf@picmaxy=\dimen170
\pgf@pathminx=\dimen171
\pgf@pathmaxx=\dimen172
\pgf@pathminy=\dimen173
\pgf@pathmaxy=\dimen174
\pgf@xx=\dimen175
\pgf@xy=\dimen176
\pgf@yx=\dimen177
\pgf@yy=\dimen178
\pgf@zx=\dimen179
\pgf@zy=\dimen180
)
(/usr/share/texmf-dist/tex/generic/pgf/basiclayer/pgfcorepathconstruct.code.tex
File: pgfcorepathconstruct.code.tex 2025-08-29 v3.1.11a (3.1.11a)
\pgf@path@lastx=\dimen181
\pgf@path@lasty=\dimen182
) (/usr/share/texmf-dist/tex/generic/pgf/basiclayer/pgfcorepathusage.code.tex
File: pgfcorepathusage.code.tex 2025-08-29 v3.1.11a (3.1.11a)
\pgf@shorten@end@additional=\dimen183
\pgf@shorten@start@additional=\dimen184
)
(/usr/share/texmf-dist/tex/generic/pgf/basiclayer/pgfcorescopes.code.tex
File: pgfcorescopes.code.tex 2025-08-29 v3.1.11a (3.1.11a)
\pgfpic=\box57
\pgf@hbox=\box58
\pgf@layerbox@main=\box59
\pgf@picture@serial@count=\count296
)
(/usr/share/texmf-dist/tex/generic/pgf/basiclayer/pgfcoregraphicstate.code.tex
File: pgfcoregraphicstate.code.tex 2025-08-29 v3.1.11a (3.1.11a)
\pgflinewidth=\dimen185
)
(/usr/share/texmf-dist/tex/generic/pgf/basiclayer/pgfcoretransformations.code.t
ex
File: pgfcoretransformations.code.tex 2025-08-29 v3.1.11a (3.1.11a)
\pgf@pt@x=\dimen186
\pgf@pt@y=\dimen187
\pgf@pt@temp=\dimen188
) (/usr/share/texmf-dist/tex/generic/pgf/basiclayer/pgfcorequick.code.tex
File: pgfcorequick.code.tex 2025-08-29 v3.1.11a (3.1.11a)
)
(/usr/share/texmf-dist/tex/generic/pgf/basiclayer/pgfcoreobjects.code.tex
File: pgfcoreobjects.code.tex 2025-08-29 v3.1.11a (3.1.11a)
)
(/usr/share/texmf-dist/tex/generic/pgf/basiclayer/pgfcorepathprocessing.code.te
x
File: pgfcorepathprocessing.code.tex 2025-08-29 v3.1.11a (3.1.11a)
) (/usr/share/texmf-dist/tex/generic/pgf/basiclayer/pgfcorearrows.code.tex
File: pgfcorearrows.code.tex 2025-08-29 v3.1.11a (3.1.11a)
\pgfarrowsep=\dimen189
)
(/usr/share/texmf-dist/tex/generic/pgf/basiclayer/pgfcoreshade.code.tex
File: pgfcoreshade.code.tex 2025-08-29 v3.1.11a (3.1.11a)
\pgf@max=\dimen190
\pgf@sys@shading@range@num=\count297
\pgf@shadingcount=\count298
)
(/usr/share/texmf-dist/tex/generic/pgf/basiclayer/pgfcoreimage.code.tex
File: pgfcoreimage.code.tex 2025-08-29 v3.1.11a (3.1.11a)
)
(/usr/share/texmf-dist/tex/generic/pgf/basiclayer/pgfcoreexternal.code.tex
File: pgfcoreexternal.code.tex 2025-08-29 v3.1.11a (3.1.11a)
\pgfexternal@startupbox=\box60
)
(/usr/share/texmf-dist/tex/generic/pgf/basiclayer/pgfcorelayers.code.tex
File: pgfcorelayers.code.tex 2025-08-29 v3.1.11a (3.1.11a)
)
(/usr/share/texmf-dist/tex/generic/pgf/basiclayer/pgfcoretransparency.code.tex
File: pgfcoretransparency.code.tex 2025-08-29 v3.1.11a (3.1.11a)
) (/usr/share/texmf-dist/tex/generic/pgf/basiclayer/pgfcorepatterns.code.tex
File: pgfcorepatterns.code.tex 2025-08-29 v3.1.11a (3.1.11a)
)
(/usr/share/texmf-dist/tex/generic/pgf/basiclayer/pgfcorerdf.code.tex
File: pgfcorerdf.code.tex 2025-08-29 v3.1.11a (3.1.11a)
)))
(/usr/share/texmf-dist/tex/generic/pgf/modules/pgfmoduleshapes.code.tex
File: pgfmoduleshapes.code.tex 2025-08-29 v3.1.11a (3.1.11a)
\pgfnodeparttextbox=\box61
)
(/usr/share/texmf-dist/tex/generic/pgf/modules/pgfmoduleplot.code.tex
File: pgfmoduleplot.code.tex 2025-08-29 v3.1.11a (3.1.11a)
)
(/usr/share/texmf-dist/tex/latex/pgf/compatibility/pgfcomp-version-0-65.sty
Package: pgfcomp-version-0-65 2025-08-29 v3.1.11a (3.1.11a)
\pgf@nodesepstart=\dimen191
\pgf@nodesepend=\dimen192
)
(/usr/share/texmf-dist/tex/latex/pgf/compatibility/pgfcomp-version-1-18.sty
Package: pgfcomp-version-1-18 2025-08-29 v3.1.11a (3.1.11a)
))
(/usr/share/texmf-dist/tex/latex/pgf/utilities/pgffor.sty
(/usr/share/texmf-dist/tex/latex/pgf/utilities/pgfkeys.sty
(/usr/share/texmf-dist/tex/generic/pgf/utilities/pgfkeys.code.tex))
(/usr/share/texmf-dist/tex/latex/pgf/math/pgfmath.sty
(/usr/share/texmf-dist/tex/generic/pgf/math/pgfmath.code.tex))
(/usr/share/texmf-dist/tex/generic/pgf/utilities/pgffor.code.tex
Package: pgffor 2025-08-29 v3.1.11a (3.1.11a)
\pgffor@iter=\dimen193
\pgffor@skip=\dimen194
\pgffor@stack=\toks30
\pgffor@toks=\toks31
))
(/usr/share/texmf-dist/tex/generic/pgf/frontendlayer/tikz/tikz.code.tex
Package: tikz 2025-08-29 v3.1.11a (3.1.11a)

(/usr/share/texmf-dist/tex/generic/pgf/libraries/pgflibraryplothandlers.code.te
x
File: pgflibraryplothandlers.code.tex 2025-08-29 v3.1.11a (3.1.11a)
\pgf@plot@mark@count=\count299
\pgfplotmarksize=\dimen195
)
\tikz@lastx=\dimen196
\tikz@lasty=\dimen197
\tikz@lastxsaved=\dimen198
\tikz@lastysaved=\dimen199
\tikz@lastmovetox=\dimen256
\tikz@lastmovetoy=\dimen257
\tikzleveldistance=\dimen258
\tikzsiblingdistance=\dimen259
\tikz@figbox=\box62
\tikz@figbox@bg=\box63
\tikz@tempbox=\box64
\tikz@tempbox@bg=\box65
\tikztreelevel=\count300
\tikznumberofchildren=\count301
\tikznumberofcurrentchild=\count302
\tikz@fig@count=\count303
 (/usr/share/texmf-dist/tex/generic/pgf/modules/pgfmodulematrix.code.tex
File: pgfmodulematrix.code.tex 2025-08-29 v3.1.11a (3.1.11a)
\pgfmatrixcurrentrow=\count304
\pgfmatrixcurrentcolumn=\count305
\pgf@matrix@numberofcolumns=\count306
)
\tikz@expandcount=\count307

(/usr/share/texmf-dist/tex/generic/pgf/frontendlayer/tikz/libraries/tikzlibrary
topaths.code.tex
File: tikzlibrarytopaths.code.tex 2025-08-29 v3.1.11a (3.1.11a)
)))
(/usr/share/texmf-dist/tex/generic/pgf/frontendlayer/tikz/libraries/tikzlibrary
calc.code.tex
File: tikzlibrarycalc.code.tex 2025-08-29 v3.1.11a (3.1.11a)
)
(/usr/share/texmf-dist/tex/generic/pgf/frontendlayer/tikz/libraries/tikzlibrary
positioning.code.tex
File: tikzlibrarypositioning.code.tex 2025-08-29 v3.1.11a (3.1.11a)
)
(/mnt/NuevoVol/FEP/Formato-Oferta-audIT/fuentes/audit-fuentes.sty
Package: audit-fuentes 2026/09/26 Fuentes IBM Plex

(/usr/share/texmf-dist/tex/latex/fontspec/fontspec.sty
(/usr/share/texmf-dist/tex/latex/l3packages/xparse/xparse.sty
(/usr/share/texmf-dist/tex/latex/l3kernel/expl3.sty
Package: expl3 2026-01-19 L3 programming layer (loader) 

(/usr/share/texmf-dist/tex/latex/l3backend/l3backend-luatex.def
File: l3backend-luatex.def 2025-10-09 L3 backend support: PDF output (LuaTeX)
\l__color_backend_stack_int=\count308
Inserting `l3color' in `luaotfload.parse_color'.))
Package: xparse 2025-10-09 L3 Experimental document command parser
)
Package: fontspec 2025/09/29 v2.9g Font selection for XeLaTeX and LuaLaTeX
Lua module: fontspec 2025/09/29 v2.9g Font selection for XeLaTeX and LuaLaTeX
(/usr/share/texmf-dist/tex/latex/fontspec/fontspec-luatex.sty
Package: fontspec-luatex 2025/09/29 v2.9g Font selection for XeLaTeX and LuaLaT
eX
\l__fontspec_script_int=\count309
\l__fontspec_language_int=\count310
\l__fontspec_strnum_int=\count311
\l__fontspec_tmp_int=\count312
\l__fontspec_tmpa_int=\count313
\l__fontspec_tmpb_int=\count314
\l__fontspec_tmpc_int=\count315
\l__fontspec_em_int=\count316
\l__fontspec_emdef_int=\count317
\l__fontspec_strong_int=\count318
\l__fontspec_strongdef_int=\count319
\l__fontspec_tmpa_dim=\dimen260
\l__fontspec_tmpb_dim=\dimen261
\l__fontspec_tmpc_dim=\dimen262

(/usr/share/texmf-dist/tex/latex/base/fontenc.sty
Package: fontenc 2025/07/18 v2.1d Standard LaTeX package
)
(/usr/share/texmf-dist/tex/latex/fontspec/fontspec.cfg)))
(/usr/share/texmf-dist/tex/latex/unicode-math/unicode-math.sty
Package: unicode-math 2023/08/13 v0.8r Unicode maths in XeLaTeX and LuaLaTeX

(/usr/share/texmf-dist/tex/latex/unicode-math/unicode-math-luatex.sty
Package: unicode-math-luatex 2023/08/13 v0.8r Unicode maths in XeLaTeX and LuaL
aTeX

(/usr/share/texmf-dist/tex/latex/l3packages/l3keys2e/l3keys2e.sty
Package: l3keys2e 2025-10-09 LaTeX2e option processing using LaTeX3 keys
)
(/usr/share/texmf-dist/tex/latex/base/fix-cm.sty
Package: fix-cm 2020/11/24 v1.1t fixes to LaTeX

(/usr/share/texmf-dist/tex/latex/base/ts1enc.def
File: ts1enc.def 2001/06/05 v3.0e (jk/car/fm) Standard LaTeX file
LaTeX Font Info:    Redeclaring font encoding TS1 on input line 47.
LaTeX Encoding Info:    Redeclaring text command \capitalcedilla (encoding TS1)
 on input line 49.
LaTeX Encoding Info:    Redeclaring text command \capitalogonek (encoding TS1) 
on input line 52.
LaTeX Encoding Info:    Redeclaring text command \capitalgrave (encoding TS1) o
n input line 55.
LaTeX Encoding Info:    Redeclaring text command \capitalacute (encoding TS1) o
n input line 56.
LaTeX Encoding Info:    Redeclaring text command \capitalcircumflex (encoding T
S1) on input line 57.
LaTeX Encoding Info:    Redeclaring text command \capitaltilde (encoding TS1) o
n input line 58.
LaTeX Encoding Info:    Redeclaring text command \capitaldieresis (encoding TS1
) on input line 59.
LaTeX Encoding Info:    Redeclaring text command \capitalhungarumlaut (encoding
 TS1) on input line 60.
LaTeX Encoding Info:    Redeclaring text command \capitalring (encoding TS1) on
 input line 61.
LaTeX Encoding Info:    Redeclaring text command \capitalcaron (encoding TS1) o
n input line 62.
LaTeX Encoding Info:    Redeclaring text command \capitalbreve (encoding TS1) o
n input line 63.
LaTeX Encoding Info:    Redeclaring text command \capitalmacron (encoding TS1) 
on input line 64.
LaTeX Encoding Info:    Redeclaring text command \capitaldotaccent (encoding TS
1) on input line 65.
LaTeX Encoding Info:    Redeclaring text command \t (encoding TS1) on input lin
e 66.
LaTeX Encoding Info:    Redeclaring text command \capitaltie (encoding TS1) on 
input line 67.
LaTeX Encoding Info:    Redeclaring text command \newtie (encoding TS1) on inpu
t line 68.
LaTeX Encoding Info:    Redeclaring text command \capitalnewtie (encoding TS1) 
on input line 69.
LaTeX Encoding Info:    Redeclaring text symbol \textcapitalcompwordmark (encod
ing TS1) on input line 70.
LaTeX Encoding Info:    Redeclaring text symbol \textascendercompwordmark (enco
ding TS1) on input line 71.
LaTeX Encoding Info:    Redeclaring text symbol \textquotestraightbase (encodin
g TS1) on input line 72.
LaTeX Encoding Info:    Redeclaring text symbol \textquotestraightdblbase (enco
ding TS1) on input line 73.
LaTeX Encoding Info:    Redeclaring text symbol \texttwelveudash (encoding TS1)
 on input line 74.
LaTeX Encoding Info:    Redeclaring text symbol \textthreequartersemdash (encod
ing TS1) on input line 75.
LaTeX Encoding Info:    Redeclaring text symbol \textleftarrow (encoding TS1) o
n input line 76.
LaTeX Encoding Info:    Redeclaring text symbol \textrightarrow (encoding TS1) 
on input line 77.
LaTeX Encoding Info:    Redeclaring text symbol \textblank (encoding TS1) on in
put line 78.
LaTeX Encoding Info:    Redeclaring text symbol \textdollar (encoding TS1) on i
nput line 79.
LaTeX Encoding Info:    Redeclaring text symbol \textquotesingle (encoding TS1)
 on input line 80.
LaTeX Encoding Info:    Redeclaring text command \textasteriskcentered (encodin
g TS1) on input line 81.
LaTeX Encoding Info:    Redeclaring text symbol \textdblhyphen (encoding TS1) o
n input line 92.
LaTeX Encoding Info:    Redeclaring text symbol \textfractionsolidus (encoding 
TS1) on input line 93.
LaTeX Encoding Info:    Redeclaring text symbol \textzerooldstyle (encoding TS1
) on input line 94.
LaTeX Encoding Info:    Redeclaring text symbol \textoneoldstyle (encoding TS1)
 on input line 95.
LaTeX Encoding Info:    Redeclaring text symbol \texttwooldstyle (encoding TS1)
 on input line 96.
LaTeX Encoding Info:    Redeclaring text symbol \textthreeoldstyle (encoding TS
1) on input line 97.
LaTeX Encoding Info:    Redeclaring text symbol \textfouroldstyle (encoding TS1
) on input line 98.
LaTeX Encoding Info:    Redeclaring text symbol \textfiveoldstyle (encoding TS1
) on input line 99.
LaTeX Encoding Info:    Redeclaring text symbol \textsixoldstyle (encoding TS1)
 on input line 100.
LaTeX Encoding Info:    Redeclaring text symbol \textsevenoldstyle (encoding TS
1) on input line 101.
LaTeX Encoding Info:    Redeclaring text symbol \texteightoldstyle (encoding TS
1) on input line 102.
LaTeX Encoding Info:    Redeclaring text symbol \textnineoldstyle (encoding TS1
) on input line 103.
LaTeX Encoding Info:    Redeclaring text symbol \textlangle (encoding TS1) on i
nput line 104.
LaTeX Encoding Info:    Redeclaring text symbol \textminus (encoding TS1) on in
put line 105.
LaTeX Encoding Info:    Redeclaring text symbol \textrangle (encoding TS1) on i
nput line 106.
LaTeX Encoding Info:    Redeclaring text symbol \textmho (encoding TS1) on inpu
t line 107.
LaTeX Encoding Info:    Redeclaring text symbol \textbigcircle (encoding TS1) o
n input line 108.
LaTeX Encoding Info:    Redeclaring text command \textcircled (encoding TS1) on
 input line 109.
LaTeX Encoding Info:    Redeclaring text symbol \textohm (encoding TS1) on inpu
t line 115.
LaTeX Encoding Info:    Redeclaring text symbol \textlbrackdbl (encoding TS1) o
n input line 116.
LaTeX Encoding Info:    Redeclaring text symbol \textrbrackdbl (encoding TS1) o
n input line 117.
LaTeX Encoding Info:    Redeclaring text symbol \textuparrow (encoding TS1) on 
input line 118.
LaTeX Encoding Info:    Redeclaring text symbol \textdownarrow (encoding TS1) o
n input line 119.
LaTeX Encoding Info:    Redeclaring text symbol \textasciigrave (encoding TS1) 
on input line 120.
LaTeX Encoding Info:    Redeclaring text symbol \textborn (encoding TS1) on inp
ut line 121.
LaTeX Encoding Info:    Redeclaring text symbol \textdivorced (encoding TS1) on
 input line 122.
LaTeX Encoding Info:    Redeclaring text symbol \textdied (encoding TS1) on inp
ut line 123.
LaTeX Encoding Info:    Redeclaring text symbol \textleaf (encoding TS1) on inp
ut line 124.
LaTeX Encoding Info:    Redeclaring text symbol \textmarried (encoding TS1) on 
input line 125.
LaTeX Encoding Info:    Redeclaring text symbol \textmusicalnote (encoding TS1)
 on input line 126.
LaTeX Encoding Info:    Redeclaring text symbol \texttildelow (encoding TS1) on
 input line 127.
LaTeX Encoding Info:    Redeclaring text symbol \textdblhyphenchar (encoding TS
1) on input line 128.
LaTeX Encoding Info:    Redeclaring text symbol \textasciibreve (encoding TS1) 
on input line 129.
LaTeX Encoding Info:    Redeclaring text symbol \textasciicaron (encoding TS1) 
on input line 130.
LaTeX Encoding Info:    Redeclaring text symbol \textacutedbl (encoding TS1) on
 input line 131.
LaTeX Encoding Info:    Redeclaring text symbol \textgravedbl (encoding TS1) on
 input line 132.
LaTeX Encoding Info:    Redeclaring text symbol \textdagger (encoding TS1) on i
nput line 133.
LaTeX Encoding Info:    Redeclaring text symbol \textdaggerdbl (encoding TS1) o
n input line 134.
LaTeX Encoding Info:    Redeclaring text symbol \textbardbl (encoding TS1) on i
nput line 135.
LaTeX Encoding Info:    Redeclaring text symbol \textperthousand (encoding TS1)
 on input line 136.
LaTeX Encoding Info:    Redeclaring text symbol \textbullet (encoding TS1) on i
nput line 137.
LaTeX Encoding Info:    Redeclaring text symbol \textcelsius (encoding TS1) on 
input line 138.
LaTeX Encoding Info:    Redeclaring text symbol \textdollaroldstyle (encoding T
S1) on input line 139.
LaTeX Encoding Info:    Redeclaring text symbol \textcentoldstyle (encoding TS1
) on input line 140.
LaTeX Encoding Info:    Redeclaring text symbol \textflorin (encoding TS1) on i
nput line 141.
LaTeX Encoding Info:    Redeclaring text symbol \textcolonmonetary (encoding TS
1) on input line 142.
LaTeX Encoding Info:    Redeclaring text symbol \textwon (encoding TS1) on inpu
t line 143.
LaTeX Encoding Info:    Redeclaring text symbol \textnaira (encoding TS1) on in
put line 144.
LaTeX Encoding Info:    Redeclaring text symbol \textguarani (encoding TS1) on 
input line 145.
LaTeX Encoding Info:    Redeclaring text symbol \textpeso (encoding TS1) on inp
ut line 146.
LaTeX Encoding Info:    Redeclaring text symbol \textlira (encoding TS1) on inp
ut line 147.
LaTeX Encoding Info:    Redeclaring text symbol \textrecipe (encoding TS1) on i
nput line 148.
LaTeX Encoding Info:    Redeclaring text symbol \textinterrobang (encoding TS1)
 on input line 149.
LaTeX Encoding Info:    Redeclaring text symbol \textinterrobangdown (encoding 
TS1) on input line 150.
LaTeX Encoding Info:    Redeclaring text symbol \textdong (encoding TS1) on inp
ut line 151.
LaTeX Encoding Info:    Redeclaring text symbol \texttrademark (encoding TS1) o
n input line 152.
LaTeX Encoding Info:    Redeclaring text symbol \textpertenthousand (encoding T
S1) on input line 153.
LaTeX Encoding Info:    Redeclaring text symbol \textpilcrow (encoding TS1) on 
input line 154.
LaTeX Encoding Info:    Redeclaring text symbol \textbaht (encoding TS1) on inp
ut line 155.
LaTeX Encoding Info:    Redeclaring text symbol \textnumero (encoding TS1) on i
nput line 156.
LaTeX Encoding Info:    Redeclaring text symbol \textdiscount (encoding TS1) on
 input line 157.
LaTeX Encoding Info:    Redeclaring text symbol \textestimated (encoding TS1) o
n input line 158.
LaTeX Encoding Info:    Redeclaring text symbol \textopenbullet (encoding TS1) 
on input line 159.
LaTeX Encoding Info:    Redeclaring text symbol \textservicemark (encoding TS1)
 on input line 160.
LaTeX Encoding Info:    Redeclaring text symbol \textlquill (encoding TS1) on i
nput line 161.
LaTeX Encoding Info:    Redeclaring text symbol \textrquill (encoding TS1) on i
nput line 162.
LaTeX Encoding Info:    Redeclaring text symbol \textcent (encoding TS1) on inp
ut line 163.
LaTeX Encoding Info:    Redeclaring text symbol \textsterling (encoding TS1) on
 input line 164.
LaTeX Encoding Info:    Redeclaring text symbol \textcurrency (encoding TS1) on
 input line 165.
LaTeX Encoding Info:    Redeclaring text symbol \textyen (encoding TS1) on inpu
t line 166.
LaTeX Encoding Info:    Redeclaring text symbol \textbrokenbar (encoding TS1) o
n input line 167.
LaTeX Encoding Info:    Redeclaring text symbol \textsection (encoding TS1) on 
input line 168.
LaTeX Encoding Info:    Redeclaring text symbol \textasciidieresis (encoding TS
1) on input line 169.
LaTeX Encoding Info:    Redeclaring text symbol \textcopyright (encoding TS1) o
n input line 170.
LaTeX Encoding Info:    Redeclaring text symbol \textordfeminine (encoding TS1)
 on input line 171.
LaTeX Encoding Info:    Redeclaring text symbol \textcopyleft (encoding TS1) on
 input line 172.
LaTeX Encoding Info:    Redeclaring text symbol \textlnot (encoding TS1) on inp
ut line 173.
LaTeX Encoding Info:    Redeclaring text symbol \textcircledP (encoding TS1) on
 input line 174.
LaTeX Encoding Info:    Redeclaring text symbol \textregistered (encoding TS1) 
on input line 175.
LaTeX Encoding Info:    Redeclaring text symbol \textasciimacron (encoding TS1)
 on input line 176.
LaTeX Encoding Info:    Redeclaring text symbol \textdegree (encoding TS1) on i
nput line 177.
LaTeX Encoding Info:    Redeclaring text symbol \textpm (encoding TS1) on input
 line 178.
LaTeX Encoding Info:    Redeclaring text symbol \texttwosuperior (encoding TS1)
 on input line 179.
LaTeX Encoding Info:    Redeclaring text symbol \textthreesuperior (encoding TS
1) on input line 180.
LaTeX Encoding Info:    Redeclaring text symbol \textasciiacute (encoding TS1) 
on input line 181.
LaTeX Encoding Info:    Redeclaring text symbol \textmu (encoding TS1) on input
 line 182.
LaTeX Encoding Info:    Redeclaring text symbol \textparagraph (encoding TS1) o
n input line 183.
LaTeX Encoding Info:    Redeclaring text symbol \textperiodcentered (encoding T
S1) on input line 184.
LaTeX Encoding Info:    Redeclaring text symbol \textreferencemark (encoding TS
1) on input line 185.
LaTeX Encoding Info:    Redeclaring text symbol \textonesuperior (encoding TS1)
 on input line 186.
LaTeX Encoding Info:    Redeclaring text symbol \textordmasculine (encoding TS1
) on input line 187.
LaTeX Encoding Info:    Redeclaring text symbol \textsurd (encoding TS1) on inp
ut line 188.
LaTeX Encoding Info:    Redeclaring text symbol \textonequarter (encoding TS1) 
on input line 189.
LaTeX Encoding Info:    Redeclaring text symbol \textonehalf (encoding TS1) on 
input line 190.
LaTeX Encoding Info:    Redeclaring text symbol \textthreequarters (encoding TS
1) on input line 191.
LaTeX Encoding Info:    Redeclaring text symbol \texteuro (encoding TS1) on inp
ut line 192.
LaTeX Encoding Info:    Redeclaring text symbol \texttimes (encoding TS1) on in
put line 193.
LaTeX Encoding Info:    Redeclaring text symbol \textdiv (encoding TS1) on inpu
t line 194.
))
(/usr/share/texmf-dist/tex/latex/amsmath/amsmath.sty
Package: amsmath 2025/07/09 v2.17z AMS math features
\@mathmargin=\skip57

For additional information on amsmath, use the `?' option.
(/usr/share/texmf-dist/tex/latex/amsmath/amstext.sty
Package: amstext 2024/11/17 v2.01 AMS text

(/usr/share/texmf-dist/tex/latex/amsmath/amsgen.sty
File: amsgen.sty 1999/11/30 v2.0 generic functions
\@emptytoks=\toks32
\ex@=\dimen263
))
(/usr/share/texmf-dist/tex/latex/amsmath/amsbsy.sty
Package: amsbsy 1999/11/29 v1.2d Bold Symbols
\pmbraise@=\dimen264
)
(/usr/share/texmf-dist/tex/latex/amsmath/amsopn.sty
Package: amsopn 2022/04/08 v2.04 operator names
)
\inf@bad=\count320
LaTeX Info: Redefining \frac on input line 235.
\uproot@=\count321
\leftroot@=\count322
LaTeX Info: Redefining \overline on input line 398.
LaTeX Info: Redefining \colon on input line 409.
\classnum@=\count323
\DOTSCASE@=\count324
LaTeX Info: Redefining \ldots on input line 495.
LaTeX Info: Redefining \dots on input line 498.
LaTeX Info: Redefining \cdots on input line 619.
\Mathstrutbox@=\box66
\strutbox@=\box67
LaTeX Info: Redefining \big on input line 721.
LaTeX Info: Redefining \Big on input line 722.
LaTeX Info: Redefining \bigg on input line 723.
LaTeX Info: Redefining \Bigg on input line 724.
\big@size=\dimen265
LaTeX Font Info:    Redeclaring font encoding OML on input line 742.
LaTeX Font Info:    Redeclaring font encoding OMS on input line 743.
\macc@depth=\count325
LaTeX Info: Redefining \bmod on input line 904.
LaTeX Info: Redefining \pmod on input line 909.
LaTeX Info: Redefining \smash on input line 939.
LaTeX Info: Redefining \relbar on input line 969.
LaTeX Info: Redefining \Relbar on input line 970.
\c@MaxMatrixCols=\count326
\dotsspace@=\muskip17
\c@parentequation=\count327
\dspbrk@lvl=\count328
\tag@help=\toks33
\row@=\count329
\column@=\count330
\maxfields@=\count331
\andhelp@=\toks34
\eqnshift@=\dimen266
\alignsep@=\dimen267
\tagshift@=\dimen268
\tagwidth@=\dimen269
\totwidth@=\dimen270
\lineht@=\dimen271
\@envbody=\toks35
\multlinegap=\skip58
\multlinetaggap=\skip59
\mathdisplay@stack=\toks36
LaTeX Info: Redefining \[ on input line 2950.
LaTeX Info: Redefining \] on input line 2951.
)
(/usr/share/texmf-dist/tex/lualatex/lualatex-math/lualatex-math.sty
Package: lualatex-math 2022/01/01 v1.12 Patches for mathematics typesetting wit
h LuaLaTeX
Lua module: lualatex-math 2013/08/03 v1.3 Patches for mathematics typesetting wi
th LuaLaTeX)
\g__um_fam_int=\count332
\g__um_fonts_used_int=\count333
\l__um_primecount_int=\count334
\g__um_primekern_muskip=\muskip18

(/usr/share/texmf-dist/tex/latex/unicode-math/unicode-math-table.tex)))

Package fontspec Info: 
(fontspec)             Font family 'IBMPlexSerif(0)' created for font
(fontspec)             'IBMPlexSerif' with options [Ligatures=TeX,Extension =
(fontspec)             .otf,UprightFont = *-Regular,ItalicFont =
(fontspec)             *-Italic,BoldFont = *-SemiBold,BoldItalicFont =
(fontspec)             *-SemiBoldItalic,Ligatures = {Common}].
(fontspec)              
(fontspec)              This font family consists of the following NFSS
(fontspec)             series/shapes:
(fontspec)              
(fontspec)             - 'normal' (m/n) with NFSS spec.:
(fontspec)             <->"[IBMPlexSerif-Regular.otf]:mode=node;script=latn;lan
guage=dflt;+tlig;+liga;"
(fontspec)             - 'bold' (b/n) with NFSS spec.:
(fontspec)             <->"[IBMPlexSerif-SemiBold.otf]:mode=node;script=latn;la
nguage=dflt;+tlig;+liga;"
(fontspec)             - 'italic' (m/it) with NFSS spec.:
(fontspec)             <->"[IBMPlexSerif-Italic.otf]:mode=node;script=latn;lang
uage=dflt;+tlig;+liga;"
(fontspec)             - 'bold italic' (b/it) with NFSS spec.:
(fontspec)             <->"[IBMPlexSerif-SemiBoldItalic.otf]:mode=node;script=l
atn;language=dflt;+tlig;+liga;"


Package fontspec Info: 
(fontspec)             Font family 'IBMPlexSerif(1)' created for font
(fontspec)             'IBMPlexSerif' with options [Renderer=Basic,Extension =
(fontspec)             .otf,UprightFont = *-Regular,ItalicFont =
(fontspec)             *-Italic,BoldFont = *-SemiBold,BoldItalicFont =
(fontspec)             *-SemiBoldItalic,Ligatures = {Common}].
(fontspec)              
(fontspec)              This font family consists of the following NFSS
(fontspec)             series/shapes:
(fontspec)              
(fontspec)             - 'normal' (m/n) with NFSS spec.:
(fontspec)             <->"[IBMPlexSerif-Regular.otf]:mode=base;script=latn;lan
guage=dflt;+liga;"
(fontspec)             - 'bold' (b/n) with NFSS spec.:
(fontspec)             <->"[IBMPlexSerif-SemiBold.otf]:mode=base;script=latn;la
nguage=dflt;+liga;"
(fontspec)             - 'italic' (m/it) with NFSS spec.:
(fontspec)             <->"[IBMPlexSerif-Italic.otf]:mode=base;script=latn;lang
uage=dflt;+liga;"
(fontspec)             - 'bold italic' (b/it) with NFSS spec.:
(fontspec)             <->"[IBMPlexSerif-SemiBoldItalic.otf]:mode=base;script=l
atn;language=dflt;+liga;"

LaTeX Font Info:    Overwriting math alphabet `\mathrm' in version `normal'
(Font)                  OT1/cmr/m/n --> TU/IBMPlexSerif(1)/m/n on input line 28
.
LaTeX Font Info:    Overwriting math alphabet `\mathit' in version `normal'
(Font)                  OT1/cmr/m/it --> TU/IBMPlexSerif(1)/m/it on input line 
28.
LaTeX Font Info:    Overwriting math alphabet `\mathbf' in version `normal'
(Font)                  OT1/cmr/bx/n --> TU/IBMPlexSerif(1)/b/n on input line 2
8.

Package fontspec Info: 
(fontspec)             Font family 'IBMPlexSans(0)' created for font
(fontspec)             'IBMPlexSans' with options [Ligatures=TeX,Extension =
(fontspec)             .otf,UprightFont = *-Regular,ItalicFont =
(fontspec)             *-Italic,BoldFont = *-SemiBold,BoldItalicFont =
(fontspec)             *-SemiBoldItalic,FontFace = {l}{n}{*-Light},FontFace =
(fontspec)             {mb}{n}{*-Medium}].
(fontspec)              
(fontspec)              This font family consists of the following NFSS
(fontspec)             series/shapes:
(fontspec)              
(fontspec)             - (l/n) with NFSS spec.:
(fontspec)             <->"[IBMPlexSans-Light.otf]:mode=node;script=latn;langua
ge=dflt;+tlig;"
(fontspec)             - (mb/n) with NFSS spec.:
(fontspec)             <->"[IBMPlexSans-Medium.otf]:mode=node;script=latn;langu
age=dflt;+tlig;"
(fontspec)             - 'normal' (m/n) with NFSS spec.:
(fontspec)             <->"[IBMPlexSans-Regular.otf]:mode=node;script=latn;lang
uage=dflt;+tlig;"
(fontspec)             - 'bold' (b/n) with NFSS spec.:
(fontspec)             <->"[IBMPlexSans-SemiBold.otf]:mode=node;script=latn;lan
guage=dflt;+tlig;"
(fontspec)             - 'italic' (m/it) with NFSS spec.:
(fontspec)             <->"[IBMPlexSans-Italic.otf]:mode=node;script=latn;langu
age=dflt;+tlig;"
(fontspec)             - 'bold italic' (b/it) with NFSS spec.:
(fontspec)             <->"[IBMPlexSans-SemiBoldItalic.otf]:mode=node;script=la
tn;language=dflt;+tlig;"


Package fontspec Info: 
(fontspec)             Font family 'IBMPlexSans(1)' created for font
(fontspec)             'IBMPlexSans' with options [Renderer=Basic,Extension =
(fontspec)             .otf,UprightFont = *-Regular,ItalicFont =
(fontspec)             *-Italic,BoldFont = *-SemiBold,BoldItalicFont =
(fontspec)             *-SemiBoldItalic,FontFace = {l}{n}{*-Light},FontFace =
(fontspec)             {mb}{n}{*-Medium}].
(fontspec)              
(fontspec)              This font family consists of the following NFSS
(fontspec)             series/shapes:
(fontspec)              
(fontspec)             - (l/n) with NFSS spec.:
(fontspec)             <->"[IBMPlexSans-Light.otf]:mode=base;script=latn;langua
ge=dflt;"
(fontspec)             - (mb/n) with NFSS spec.:
(fontspec)             <->"[IBMPlexSans-Medium.otf]:mode=base;script=latn;langu
age=dflt;"
(fontspec)             - 'normal' (m/n) with NFSS spec.:
(fontspec)             <->"[IBMPlexSans-Regular.otf]:mode=base;script=latn;lang
uage=dflt;"
(fontspec)             - 'bold' (b/n) with NFSS spec.:
(fontspec)             <->"[IBMPlexSans-SemiBold.otf]:mode=base;script=latn;lan
guage=dflt;"
(fontspec)             - 'italic' (m/it) with NFSS spec.:
(fontspec)             <->"[IBMPlexSans-Italic.otf]:mode=base;script=latn;langu
age=dflt;"
(fontspec)             - 'bold italic' (b/it) with NFSS spec.:
(fontspec)             <->"[IBMPlexSans-SemiBoldItalic.otf]:mode=base;script=la
tn;language=dflt;"

LaTeX Font Info:    Overwriting math alphabet `\mathsf' in version `normal'
(Font)                  OT1/cmss/m/n --> TU/IBMPlexSans(1)/m/n on input line 37
.
LaTeX Font Info:    Overwriting math alphabet `\mathsf' in version `bold'
(Font)                  OT1/cmss/bx/n --> TU/IBMPlexSans(1)/b/n on input line 3
7.

Package fontspec Info: 
(fontspec)             Font family 'IBMPlexMono(0)' created for font
(fontspec)             'IBMPlexMono' with options
(fontspec)             [WordSpace={1,0,0},HyphenChar=None,PunctuationSpace=Word
Space,Extension
(fontspec)             = .otf,UprightFont = *-Regular,ItalicFont =
(fontspec)             *-Italic,BoldFont = *-SemiBold,BoldItalicFont =
(fontspec)             *-SemiBoldItalic].
(fontspec)              
(fontspec)              This font family consists of the following NFSS
(fontspec)             series/shapes:
(fontspec)              
(fontspec)             - 'normal' (m/n) with NFSS spec.:
(fontspec)             <->"[IBMPlexMono-Regular.otf]:mode=node;script=latn;lang
uage=dflt;"
(fontspec)             - 'bold' (b/n) with NFSS spec.:
(fontspec)             <->"[IBMPlexMono-SemiBold.otf]:mode=node;script=latn;lan
guage=dflt;"
(fontspec)             - 'italic' (m/it) with NFSS spec.:
(fontspec)             <->"[IBMPlexMono-Italic.otf]:mode=node;script=latn;langu
age=dflt;"
(fontspec)             - 'bold italic' (b/it) with NFSS spec.:
(fontspec)             <->"[IBMPlexMono-SemiBoldItalic.otf]:mode=node;script=la
tn;language=dflt;"


Package fontspec Info: 
(fontspec)             Font family 'IBMPlexMono(1)' created for font
(fontspec)             'IBMPlexMono' with options [Renderer=Basic,Extension =
(fontspec)             .otf,UprightFont = *-Regular,ItalicFont =
(fontspec)             *-Italic,BoldFont = *-SemiBold,BoldItalicFont =
(fontspec)             *-SemiBoldItalic].
(fontspec)              
(fontspec)              This font family consists of the following NFSS
(fontspec)             series/shapes:
(fontspec)              
(fontspec)             - 'normal' (m/n) with NFSS spec.:
(fontspec)             <->"[IBMPlexMono-Regular.otf]:mode=base;script=latn;lang
uage=dflt;"
(fontspec)             - 'bold' (b/n) with NFSS spec.:
(fontspec)             <->"[IBMPlexMono-SemiBold.otf]:mode=base;script=latn;lan
guage=dflt;"
(fontspec)             - 'italic' (m/it) with NFSS spec.:
(fontspec)             <->"[IBMPlexMono-Italic.otf]:mode=base;script=latn;langu
age=dflt;"
(fontspec)             - 'bold italic' (b/it) with NFSS spec.:
(fontspec)             <->"[IBMPlexMono-SemiBoldItalic.otf]:mode=base;script=la
tn;language=dflt;"

LaTeX Font Info:    Overwriting math alphabet `\mathtt' in version `normal'
(Font)                  OT1/cmtt/m/n --> TU/IBMPlexMono(1)/m/n on input line 44
.
LaTeX Font Info:    Overwriting math alphabet `\mathtt' in version `bold'
(Font)                  OT1/cmtt/m/n --> TU/IBMPlexMono(1)/b/n on input line 44
.

Package fontspec Info: 
(fontspec)             Font family 'IBMPlexMath-Regular.otf(0)' created for
(fontspec)             font 'IBMPlexMath-Regular.otf' with options
(fontspec)             [Renderer=Basic,BoldItalicFont={},ItalicFont={},SmallCap
sFont={},Script=Math,RawFeature={mathfontdimen=xetex}].
(fontspec)              
(fontspec)              This font family consists of the following NFSS
(fontspec)             series/shapes:
(fontspec)              
(fontspec)             - 'normal' (m/n) with NFSS spec.:
(fontspec)             <->"[IBMPlexMath-Regular.otf]:mode=base;script=math;lang
uage=dflt;mathfontdimen=xetex;"


Package fontspec Info: 
(fontspec)             Font family 'IBMPlexMath-Regular.otf(1)' created for
(fontspec)             font 'IBMPlexMath-Regular.otf' with options
(fontspec)             [Renderer=Basic,BoldItalicFont={},ItalicFont={},SmallCap
sFont={},Script=Math,SizeFeatures={{Size=9.03375-},{Size=6.29625-9.03375,Font=I
BMPlexMath-Regular.otf,Style=MathScript},{Size=-6.29625,Font=IBMPlexMath-Regula
r.otf,Style=MathScriptScript}},RawFeature={mathfontdimen=xetex}].
(fontspec)              
(fontspec)              This font family consists of the following NFSS
(fontspec)             series/shapes:
(fontspec)              
(fontspec)             - 'normal' (m/n) with NFSS spec.:
(fontspec)             <9.03375->"[IBMPlexMath-Regular.otf]:mode=base;script=ma
th;language=dflt;mathfontdimen=xetex;"<6.29625-9.03375>"[IBMPlexMath-Regular.ot
f]:mode=base;script=math;language=dflt;mathfontdimen=xetex;+ssty=0;"<-6.29625>"
[IBMPlexMath-Regular.otf]:mode=base;script=math;language=dflt;mathfontdimen=xet
ex;+ssty=1;"

LaTeX Font Info:    Encoding `OT1' has changed to `TU' for symbol font
(Font)              `operators' in the math version `normal' on input line 46.
LaTeX Font Info:    Overwriting symbol font `operators' in version `normal'
(Font)                  OT1/cmr/m/n --> TU/IBMPlexMath-Regular.otf(1)/m/n on in
put line 46.
LaTeX Font Info:    Encoding `OT1' has changed to `TU' for symbol font
(Font)              `operators' in the math version `bold' on input line 46.
LaTeX Font Info:    Overwriting symbol font `operators' in version `bold'
(Font)                  OT1/cmr/bx/n --> TU/IBMPlexMath-Regular.otf(1)/b/n on i
nput line 46.

Package fontspec Info: 
(fontspec)             Font family 'IBMPlexMath-Regular.otf(2)' created for
(fontspec)             font 'IBMPlexMath-Regular.otf' with options
(fontspec)             [Renderer=Basic,BoldItalicFont={},ItalicFont={},SmallCap
sFont={},Script=Math,SizeFeatures={{Size=9.03375-},{Size=6.29625-9.03375,Font=I
BMPlexMath-Regular.otf,Style=MathScript},{Size=-6.29625,Font=IBMPlexMath-Regula
r.otf,Style=MathScriptScript}},RawFeature={mathfontdimen=xetex},RawFeature={mat
hfontdimen=tex2}].
(fontspec)              
(fontspec)              This font family consists of the following NFSS
(fontspec)             series/shapes:
(fontspec)              
(fontspec)             - 'normal' (m/n) with NFSS spec.:
(fontspec)             <9.03375->"[IBMPlexMath-Regular.otf]:mode=base;script=ma
th;language=dflt;mathfontdimen=xetex;mathfontdimen=tex2;"<6.29625-9.03375>"[IBM
PlexMath-Regular.otf]:mode=base;script=math;language=dflt;mathfontdimen=xetex;m
athfontdimen=tex2;+ssty=0;"<-6.29625>"[IBMPlexMath-Regular.otf]:mode=base;scrip
t=math;language=dflt;mathfontdimen=xetex;mathfontdimen=tex2;+ssty=1;"

LaTeX Font Info:    Encoding `OMS' has changed to `TU' for symbol font
(Font)              `symbols' in the math version `normal' on input line 46.
LaTeX Font Info:    Overwriting symbol font `symbols' in version `normal'
(Font)                  OMS/cmsy/m/n --> TU/IBMPlexMath-Regular.otf(2)/m/n on i
nput line 46.
LaTeX Font Info:    Encoding `OMS' has changed to `TU' for symbol font
(Font)              `symbols' in the math version `bold' on input line 46.
LaTeX Font Info:    Overwriting symbol font `symbols' in version `bold'
(Font)                  OMS/cmsy/b/n --> TU/IBMPlexMath-Regular.otf(2)/b/n on i
nput line 46.

Package fontspec Info: 
(fontspec)             Font family 'IBMPlexMath-Regular.otf(3)' created for
(fontspec)             font 'IBMPlexMath-Regular.otf' with options
(fontspec)             [Renderer=Basic,BoldItalicFont={},ItalicFont={},SmallCap
sFont={},Script=Math,SizeFeatures={{Size=9.03375-},{Size=6.29625-9.03375,Font=I
BMPlexMath-Regular.otf,Style=MathScript},{Size=-6.29625,Font=IBMPlexMath-Regula
r.otf,Style=MathScriptScript}},RawFeature={mathfontdimen=xetex},RawFeature={mat
hfontdimen=tex3}].
(fontspec)              
(fontspec)              This font family consists of the following NFSS
(fontspec)             series/shapes:
(fontspec)              
(fontspec)             - 'normal' (m/n) with NFSS spec.:
(fontspec)             <9.03375->"[IBMPlexMath-Regular.otf]:mode=base;script=ma
th;language=dflt;mathfontdimen=xetex;mathfontdimen=tex3;"<6.29625-9.03375>"[IBM
PlexMath-Regular.otf]:mode=base;script=math;language=dflt;mathfontdimen=xetex;m
athfontdimen=tex3;+ssty=0;"<-6.29625>"[IBMPlexMath-Regular.otf]:mode=base;scrip
t=math;language=dflt;mathfontdimen=xetex;mathfontdimen=tex3;+ssty=1;"

LaTeX Font Info:    Encoding `OMX' has changed to `TU' for symbol font
(Font)              `largesymbols' in the math version `normal' on input line 4
6.
LaTeX Font Info:    Overwriting symbol font `largesymbols' in version `normal'
(Font)                  OMX/cmex/m/n --> TU/IBMPlexMath-Regular.otf(3)/m/n on i
nput line 46.
LaTeX Font Info:    Encoding `OMX' has changed to `TU' for symbol font
(Font)              `largesymbols' in the math version `bold' on input line 46.

LaTeX Font Info:    Overwriting symbol font `largesymbols' in version `bold'
(Font)                  OMX/cmex/m/n --> TU/IBMPlexMath-Regular.otf(3)/b/n on i
nput line 46.

Package fontspec Info: 
(fontspec)             Font family 'IBMPlexSansCondensed(0)' created for font
(fontspec)             'IBMPlexSansCondensed' with options [Extension =
(fontspec)             .otf,UprightFont = *-Regular,BoldFont =
(fontspec)             *-SemiBold,ItalicFont = *-Italic,BoldItalicFont =
(fontspec)             *-SemiBoldItalic].
(fontspec)              
(fontspec)              This font family consists of the following NFSS
(fontspec)             series/shapes:
(fontspec)              
(fontspec)             - 'normal' (m/n) with NFSS spec.:
(fontspec)             <->"[IBMPlexSansCondensed-Regular.otf]:mode=node;script=
latn;language=dflt;"
(fontspec)             - 'bold' (b/n) with NFSS spec.:
(fontspec)             <->"[IBMPlexSansCondensed-SemiBold.otf]:mode=node;script
=latn;language=dflt;"
(fontspec)             - 'italic' (m/it) with NFSS spec.:
(fontspec)             <->"[IBMPlexSansCondensed-Italic.otf]:mode=node;script=l
atn;language=dflt;"
(fontspec)             - 'bold italic' (b/it) with NFSS spec.:
(fontspec)             <->"[IBMPlexSansCondensed-SemiBoldItalic.otf]:mode=node;
script=latn;language=dflt;"


Package fontspec Info: 
(fontspec)             Font family 'IBMPlexSans(2)' created for font
(fontspec)             'IBMPlexSans' with options [Extension =
(fontspec)             .otf,UprightFont = *-Light,BoldFont = *-Regular].
(fontspec)              
(fontspec)              This font family consists of the following NFSS
(fontspec)             series/shapes:
(fontspec)              
(fontspec)             - 'normal' (m/n) with NFSS spec.:
(fontspec)             <->"[IBMPlexSans-Light.otf]:mode=node;script=latn;langua
ge=dflt;"
(fontspec)             - 'bold' (b/n) with NFSS spec.:
(fontspec)             <->"[IBMPlexSans-Regular.otf]:mode=node;script=latn;lang
uage=dflt;"


Package fontspec Info: 
(fontspec)             Font family 'IBMPlexSans(3)' created for font
(fontspec)             'IBMPlexSans' with options [Extension =
(fontspec)             .otf,UprightFont = *-Medium,BoldFont = *-SemiBold].
(fontspec)              
(fontspec)              This font family consists of the following NFSS
(fontspec)             series/shapes:
(fontspec)              
(fontspec)             - 'normal' (m/n) with NFSS spec.:
(fontspec)             <->"[IBMPlexSans-Medium.otf]:mode=node;script=latn;langu
age=dflt;"
(fontspec)             - 'bold' (b/n) with NFSS spec.:
(fontspec)             <->"[IBMPlexSans-SemiBold.otf]:mode=node;script=latn;lan
guage=dflt;"


Package fontspec Info: 
(fontspec)             Font family 'IBMPlexSans(4)' created for font
(fontspec)             'IBMPlexSans' with options [Extension =
(fontspec)             .otf,UprightFont = *-Medium,LetterSpace = 9].
(fontspec)              
(fontspec)              This font family consists of the following NFSS
(fontspec)             series/shapes:
(fontspec)              
(fontspec)             - 'normal' (m/n) with NFSS spec.:
(fontspec)             <->"[IBMPlexSans-Medium.otf]:mode=node;script=latn;langu
age=dflt;letterspace=9;"

)
(/usr/share/texmf-dist/tex/generic/babel/babel.sty
Package: babel 2026/02/14 v26.3 The multilingual framework for LuaLaTeX, pdfLaT
eX and XeLaTeX

(/usr/share/texmf-dist/tex/generic/babel/luababel.def
\bbl@readstream=\read3
\l@dumylang=\language2
Package babel Info: Non-standard hyphenation setup on input line 118.
\l@nohyphenation=\language3
\l@catalan=\language4
\l@galician=\language5
\l@spanish=\language6
\babelcatcodetablenum=\catcodetable14
\bbl@pattcodes=\catcodetable15
)
\babel@savecnt=\count335
LaTeX Encoding Info:    Redeclaring text command \ij (encoding OT1) on input li
ne 2078.
LaTeX Encoding Info:    Redeclaring text command \IJ (encoding OT1) on input li
ne 2080.
LaTeX Encoding Info:    Redeclaring text command \ij (encoding T1) on input lin
e 2082.
LaTeX Encoding Info:    Redeclaring text command \IJ (encoding T1) on input lin
e 2083.
LaTeX Encoding Info:    Ignoring declaration for text command \ij (encoding ?) 
on input line 2084.
LaTeX Encoding Info:    Ignoring declaration for text command \IJ (encoding ?) 
on input line 2086.
LaTeX Encoding Info:    Ignoring declaration for text command \SS (encoding ?) 
on input line 2111.
\U@D=\dimen272
\l@unhyphenated=\language7

(/usr/share/texmf-dist/tex/generic/babel/luababel.def
\bbl@attr@locale=\attribute4
)
(/usr/share/texmf-dist/tex/generic/babel/locale/es/babel-spanish.tex)
Package babel Info: Importing font and identification data for spanish
(babel)             from babel-es.ini. Reported on input line 4330.

(/usr/share/texmf-dist/tex/generic/babel-spanish/spanish.ldf
Language: spanish.ldf 2021/05/27 v5.0q Spanish support from the babel system
\es@quottoks=\toks37
\es@quotdepth=\count336

(/usr/share/texmf-dist/tex/generic/hyph-utf8/loadhyph/loadhyph-es.tex
UTF-8 Spanish hyphenation patterns
(/usr/share/texmf-dist/tex/generic/hyph-utf8/patterns/tex/hyph-es.tex))))
(/usr/share/texmf-dist/tex/latex/microtype/microtype.sty
Package: microtype 2026/03/01 v3.2d Micro-typographical refinements (RS)
\MT@toks=\toks38
\MT@tempbox=\box68
\MT@count=\count337
LaTeX Info: Redefining \noprotrusionifhmode on input line 1084.
LaTeX Info: Redefining \leftprotrusion on input line 1085.
\MT@prot@toks=\toks39
LaTeX Info: Redefining \rightprotrusion on input line 1104.
LaTeX Info: Redefining \textls on input line 1449.
\MT@outer@kern=\dimen273
LaTeX Info: Redefining \microtypecontext on input line 2053.
LaTeX Info: Redefining \textmicrotypecontext on input line 2070.
\MT@listname@count=\count338

(/usr/share/texmf-dist/tex/latex/microtype/microtype-luatex.def
File: microtype-luatex.def 2026/03/01 v3.2d Definitions specific to luatex (RS)

Lua module: microtype 2026/03/01 v3.2d microtype module.
Module microtype Info: overwriting function `keepligature' on input line 63
LaTeX Info: Redefining \lsstyle on input line 779.
LaTeX Info: Redefining \lslig on input line 779.
\MT@outer@space=\skip60
)
Package microtype Info: Loading configuration file microtype.cfg.

(/usr/share/texmf-dist/tex/latex/microtype/microtype.cfg
File: microtype.cfg 2026/03/01 v3.2d microtype main configuration file (RS)
)
LaTeX Info: Redefining \microtypesetup on input line 3065.
)
(/usr/share/texmf-dist/tex/latex/enumitem/enumitem.sty
Package: enumitem 2025/02/06 v3.11 Customized lists
\labelindent=\skip61
\enit@outerparindent=\dimen274
\enit@toks=\toks40
\enit@inbox=\box69
\enit@count@id=\count339
\enitdp@description=\count340
)
(/usr/share/texmf-dist/tex/latex/csquotes/csquotes.sty
Package: csquotes 2024-04-04 v5.2o context-sensitive quotations (JAW)
\csq@reset=\count341
\csq@gtype=\count342
\csq@glevel=\count343
\csq@qlevel=\count344
\csq@maxlvl=\count345
\csq@tshold=\count346
\csq@ltx@everypar=\toks41

(/usr/share/texmf-dist/tex/latex/csquotes/csquotes.def
File: csquotes.def 2024-04-04 v5.2o csquotes generic definitions (JAW)
)
Package csquotes Info: Trying to load configuration file 'csquotes.cfg'...
Package csquotes Info: ... configuration file loaded successfully.

(/usr/share/texmf-dist/tex/latex/csquotes/csquotes.cfg
File: csquotes.cfg 
))
(/mnt/NuevoVol/FEP/Formato-Oferta-audIT/temas/marca.tex)
(/mnt/NuevoVol/FEP/Formato-Oferta-audIT/estilo/pagina.sty
Package: pagina 2026/09/26 Pagina, folio y media firma

(/usr/share/texmf-dist/tex/latex/geometry/geometry.sty
Package: geometry 2020/01/02 v5.9 Page Geometry

(/usr/share/texmf-dist/tex/generic/iftex/ifvtex.sty
Package: ifvtex 2019/10/25 v1.7 ifvtex legacy package. Use iftex instead.
)
\Gm@cnth=\count347
\Gm@cntv=\count348
\c@Gm@tempcnt=\count349
\Gm@bindingoffset=\dimen275
\Gm@wd@mp=\dimen276
\Gm@odd@mp=\dimen277
\Gm@even@mp=\dimen278
\Gm@layoutwidth=\dimen279
\Gm@layoutheight=\dimen280
\Gm@layouthoffset=\dimen281
\Gm@layoutvoffset=\dimen282
\Gm@dimlist=\toks42
)
(/usr/share/texmf-dist/tex/latex/fancyhdr/fancyhdr.sty
Package: fancyhdr 2025/02/07 v5.2 Extensive control of page headers and footers

\f@nch@headwidth=\skip62
\f@nch@offset@elh=\skip63
\f@nch@offset@erh=\skip64
\f@nch@offset@olh=\skip65
\f@nch@offset@orh=\skip66
\f@nch@offset@elf=\skip67
\f@nch@offset@erf=\skip68
\f@nch@offset@olf=\skip69
\f@nch@offset@orf=\skip70
\f@nch@height=\skip71
\f@nch@footalignment=\skip72
\f@nch@widthL=\skip73
\f@nch@widthC=\skip74
\f@nch@widthR=\skip75
\@temptokenb=\toks43
)
(/usr/share/texmf-dist/tex/latex/changepage/changepage.sty
Package: changepage 2009/10/20 v1.0c check page and change page layout
\c@cp@cntr=\count350
\cp@tempcnt=\count351
)
(/usr/share/texmf-dist/tex/latex/pdflscape/pdflscape.sty
Package: pdflscape 2025-06-23 v0.14 Display of landscape pages in PDF

(/usr/share/texmf-dist/tex/latex/pdflscape/pdflscape-nometadata.sty
Package: pdflscape-nometadata 2025-06-23 v0.14 Display of landscape pages in PD
F (HO)

(/usr/share/texmf-dist/tex/latex/graphics/lscape.sty
Package: lscape 2020/05/28 v3.02 Landscape Pages (DPC)
)
Package pdflscape Info: Auto-detected driver: pdftex on input line 81.
))
\carrilInicio=\skip76
\anchoCarril=\skip77
\separacionCarril=\skip78
\anchoCompleto=\skip79
\desplazamientoCarril=\skip80
\bordeDerecho=\skip81
)
(/mnt/NuevoVol/FEP/Formato-Oferta-audIT/estilo/titulos.sty
Package: titulos 2026/09/26 Titulos y numeracion

(/usr/share/texmf-dist/tex/latex/titlesec/titlesec.sty
Package: titlesec 2025/01/04 v2.17 Sectioning titles
\ttl@box=\box70
\beforetitleunit=\skip82
\aftertitleunit=\skip83
\ttl@plus=\dimen283
\ttl@minus=\dimen284
\ttl@toksa=\toks44
\titlewidth=\dimen285
\titlewidthlast=\dimen286
\titlewidthfirst=\dimen287
)
(/usr/share/texmf-dist/tex/latex/titlesec/titletoc.sty
Package: titletoc 2025/01/04 v2.17 TOC entries
\ttl@leftsep=\dimen288
)
(/usr/share/texmf-dist/tex/latex/needspace/needspace.sty
Package: needspace 2025/03/13 v1.3e reserve vertical space
)
(/usr/share/texmf-dist/tex/latex/placeins/placeins.sty
Package: placeins 2005/04/18  v 2.2
)
\c__mark_class_audit-subdoc_mark=\marks4
\c@audit@sdprevio=\count352
)
(/mnt/NuevoVol/FEP/Formato-Oferta-audIT/estilo/tablas.sty
Package: tablas 2026/09/26 Tablas

(/usr/share/texmf-dist/tex/latex/tools/longtable.sty
Package: longtable 2025-10-13 v4.24 Multi-page Table package (DPC)
\LTleft=\skip84
\LTright=\skip85
\LTpre=\skip86
\LTpost=\skip87
\LTchunksize=\count353
\LTcapwidth=\dimen289
\LT@head=\box71
\LT@firsthead=\box72
\LT@foot=\box73
\LT@lastfoot=\box74
\LT@gbox=\box75
\LT@cols=\count354
\LT@rows=\count355
\c@LT@tables=\count356
\c@LT@chunks=\count357
\LT@p@ftn=\toks45
)
(/usr/share/texmf-dist/tex/latex/xltabular/xltabular.sty
Package: xltabular 2025/02/28 v0.2i `xltabular' package (hv,RN)

(/usr/share/texmf-dist/tex/latex/tools/tabularx.sty
Package: tabularx 2023/12/11 v2.12a `tabularx' package (DPC)
\TX@col@width=\dimen290
\TX@old@table=\dimen291
\TX@old@col=\dimen292
\TX@target=\dimen293
\TX@delta=\dimen294
\TX@cols=\count358
\TX@ftn=\toks46
)
(/usr/share/texmf-dist/tex/latex/ltablex/ltablex.sty
Package: ltablex 2014/08/13 v1.1 Modified tabularx
))
(/usr/share/texmf-dist/tex/latex/booktabs/booktabs.sty
Package: booktabs 2020/01/12 v1.61803398 Publication quality tables
\heavyrulewidth=\dimen295
\lightrulewidth=\dimen296
\cmidrulewidth=\dimen297
\belowrulesep=\dimen298
\belowbottomsep=\dimen299
\aboverulesep=\dimen300
\abovetopsep=\dimen301
\cmidrulesep=\dimen302
\cmidrulekern=\dimen303
\defaultaddspace=\dimen304
\@cmidla=\count359
\@cmidlb=\count360
\@aboverulesep=\dimen305
\@belowrulesep=\dimen306
\@thisruleclass=\count361
\@lastruleclass=\count362
\@thisrulewidth=\dimen307
)
(/usr/share/texmf-dist/tex/latex/ragged2e/ragged2e.sty
Package: ragged2e 2023/06/22 v3.6 ragged2e Package
\CenteringLeftskip=\skip88
\RaggedLeftLeftskip=\skip89
\RaggedRightLeftskip=\skip90
\CenteringRightskip=\skip91
\RaggedLeftRightskip=\skip92
\RaggedRightRightskip=\skip93
\CenteringParfillskip=\skip94
\RaggedLeftParfillskip=\skip95
\RaggedRightParfillskip=\skip96
\JustifyingParfillskip=\skip97
\CenteringParindent=\skip98
\RaggedLeftParindent=\skip99
\RaggedRightParindent=\skip100
\JustifyingParindent=\skip101
)
(/usr/share/texmf-dist/tex/latex/caption/caption.sty
Package: caption 2023/08/05 v3.6o Customizing captions (AR)

(/usr/share/texmf-dist/tex/latex/caption/caption3.sty
Package: caption3 2023/07/31 v2.4d caption3 kernel (AR)
\caption@tempdima=\dimen308
\captionmargin=\dimen309
\caption@leftmargin=\dimen310
\caption@rightmargin=\dimen311
\caption@width=\dimen312
\caption@indent=\dimen313
\caption@parindent=\dimen314
\caption@hangindent=\dimen315
Package caption Info: Standard document class detected.
)
\c@caption@flags=\count363
\c@continuedfloat=\count364
Package caption Info: changepage package is loaded.
\caption@adjustwidth@hsize=\dimen316
\caption@adjustwidth@linewidth=\dimen317
Package caption Info: longtable package is loaded.

(/usr/share/texmf-dist/tex/latex/caption/ltcaption.sty
Package: ltcaption 2021/01/08 v1.4c longtable captions (AR)
))
\l_audit_tabla_ncol_int=\count365
\l_audit_tabla_ancho_dim=\dimen318
\l_audit_tabla_leyenda_dim=\dimen319
\c_audit_tabla_col_dim=\dimen320
)
(/mnt/NuevoVol/FEP/Formato-Oferta-audIT/estilo/figuras.sty
Package: figuras 2026/09/26 Figuras
\l_audit_fig_natural_box=\box76
\l_audit_fig_final_box=\box77
\c_audit_anexo_ancho_dim=\dimen321
\c_audit_anexo_alto_dim=\dimen322
\g_audit_anexo_int=\count366
\c_audit_anexo_pag_ancho_dim=\dimen323
\c_audit_anexo_pag_caja_dim=\dimen324
\c_audit_anexo_pag_x_dim=\dimen325
\c_audit_anexo_pag_y_dim=\dimen326
\c_audit_anexo_pag_sep_dim=\dimen327
\g_audit_anexo_pw_dim=\dimen328
\g_audit_anexo_ph_dim=\dimen329
\l_audit_anexo_alto_dim=\dimen330
\l_audit_anexo_cabeza_box=\box78
\l_audit_anexo_leyenda_box=\box79
\l_audit_anexo_todo_box=\box80
\c@audit@anexo=\count367
)
(/mnt/NuevoVol/FEP/Formato-Oferta-audIT/estilo/dispositivos.sty
Package: dispositivos 2026/09/26 Dispositivos de venta

(/usr/share/texmf-dist/tex/latex/tcolorbox/tcolorbox.sty
Package: tcolorbox 2025/11/28 version 6.9.0 text color boxes

(/usr/share/texmf-dist/tex/latex/tools/verbatim.sty
Package: verbatim 2024-01-22 v1.5x LaTeX2e package for verbatim enhancements
\every@verbatim=\toks47
\verbatim@line=\toks48
\verbatim@in@stream=\read4
)
(/usr/share/texmf-dist/tex/latex/environ/environ.sty
Package: environ 2014/05/04 v0.3 A new way to define environments

(/usr/share/texmf-dist/tex/latex/trimspaces/trimspaces.sty
Package: trimspaces 2009/09/17 v1.1 Trim spaces around a token list
))
\tcb@titlebox=\box81
\tcb@upperbox=\box82
\tcb@lowerbox=\box83
\tcb@phantombox=\box84
\c@tcbbreakpart=\count368
\c@tcblayer=\count369
\c@tcolorbox@number=\count370
\l__tcobox_tmpa_box=\box85
\l__tcobox_tmpa_dim=\dimen331
\tcb@temp=\box86
\tcb@temp=\box87
\tcb@temp=\box88
\tcb@temp=\box89

(/usr/share/texmf-dist/tex/latex/tcolorbox/tcbraster.code.tex
Library (tcolorbox): 'tcbraster.code.tex' version '6.9.0'
\c@tcbrastercolumn=\count371
\c@tcbrasterrow=\count372
\c@tcbrasternum=\count373
\c@tcbraster=\count374
) (/usr/share/texmf-dist/tex/latex/tcolorbox/tcbskins.code.tex
Library (tcolorbox): 'tcbskins.code.tex' version '6.9.0'
(/usr/share/texmf-dist/tex/latex/tikzfill/tikzfill.image.sty
Package: tikzfill.image 2023/08/08 v1.0.1 Image filling library for TikZ

(/usr/share/texmf-dist/tex/latex/tikzfill/tikzfill-common.sty
Package: tikzfill-common 2023/08/08 v1.0.1 Auxiliary code for tikzfill
)
(/usr/share/texmf-dist/tex/latex/tikzfill/tikzlibraryfill.image.code.tex
File: tikzlibraryfill.image.code.tex 2023/08/08 v1.0.1 Image filling library
\l__tikzfill_img_box=\box90
))
(/usr/share/texmf-dist/tex/latex/tcolorbox/tcbskinsjigsaw.code.tex
Library (tcolorbox): 'tcbskinsjigsaw.code.tex' version '6.9.0'
)) (/usr/share/texmf-dist/tex/latex/tcolorbox/tcbbreakable.code.tex
Library (tcolorbox): 'tcbbreakable.code.tex' version '6.9.0'
(/usr/share/texmf-dist/tex/latex/pdfcol/pdfcol.sty
Package: pdfcol 2022-09-21 v1.7 Handle new color stacks for pdfTeX (HO)

(/usr/share/texmf-dist/tex/generic/ltxcmds/ltxcmds.sty
Package: ltxcmds 2023-12-04 v1.26 LaTeX kernel commands for general use (HO)
)
(/usr/share/texmf-dist/tex/generic/infwarerr/infwarerr.sty
Package: infwarerr 2019/12/03 v1.5 Providing info/warning/error messages (HO)
))
Package pdfcol Info: New color stack `tcb@breakable' = 1 on input line 23.
\tcb@testbox=\box91
\tcb@totalupperbox=\box92
\tcb@totallowerbox=\box93

(/usr/share/texmf-dist/tex/generic/iftex/ifluatex.sty
Package: ifluatex 2019/10/25 v1.5 ifluatex legacy package. Use iftex instead.
))
(/usr/share/texmf-dist/tex/latex/tcolorbox/tcbhooks.code.tex
Library (tcolorbox): 'tcbhooks.code.tex' version '6.9.0'
) (/usr/share/texmf-dist/tex/latex/tcolorbox/tcbtheorems.code.tex
Library (tcolorbox): 'tcbtheorems.code.tex' version '6.9.0'
) (/usr/share/texmf-dist/tex/latex/tcolorbox/tcbfitting.code.tex
Library (tcolorbox): 'tcbfitting.code.tex' version '6.9.0'
\tcbfitdim=\dimen332
\tcb@lowerfitdim=\dimen333
\tcb@upperfitdim=\dimen334
\tcb@cur@hbadness=\count375
) (/usr/share/texmf-dist/tex/latex/tcolorbox/tcblistingsutf8.code.tex
Library (tcolorbox): 'tcblistingsutf8.code.tex' version '6.9.0'
(/usr/share/texmf-dist/tex/latex/tcolorbox/tcblistings.code.tex
Library (tcolorbox): 'tcblistings.code.tex' version '6.9.0'
(/usr/share/texmf-dist/tex/latex/listings/listings.sty
\lst@mode=\count376
\lst@gtempboxa=\box94
\lst@token=\toks49
\lst@length=\count377
\lst@currlwidth=\dimen335
\lst@column=\count378
\lst@pos=\count379
\lst@lostspace=\dimen336
\lst@width=\dimen337
\lst@newlines=\count380
\lst@lineno=\count381
\lst@maxwidth=\dimen338

(/usr/share/texmf-dist/tex/latex/listings/lstpatch.sty
File: lstpatch.sty 2025/11/14 1.11b (Carsten Heinz)
)
(/usr/share/texmf-dist/tex/latex/listings/lstmisc.sty
File: lstmisc.sty 2025/11/14 1.11b (Carsten Heinz)
\c@lstnumber=\count382
\lst@skipnumbers=\count383
\lst@framebox=\box95
)
(/usr/share/texmf-dist/tex/latex/listings/listings.cfg
File: listings.cfg 2025/11/14 1.11b listings configuration
))
Package: listings 2025/11/14 1.11b (Carsten Heinz)

==> First Aid for listings.sty no longer applied!
    Expected:
        2024/09/23 1.10c (Carsten Heinz)
    but found:
        2025/11/14 1.11b (Carsten Heinz)
    so I'm assuming it got fixed.
(/usr/share/texmf-dist/tex/latex/tcolorbox/tcblistingscore.code.tex
Library (tcolorbox): 'tcblistingscore.code.tex' version '6.9.0'
(/usr/share/texmf-dist/tex/latex/tcolorbox/tcbprocessing.code.tex
Library (tcolorbox): 'tcbprocessing.code.tex' version '6.9.0'
)
\c@tcblisting=\count384
))
Package tcolorbox Info: Library `listingsutf8' is compatible with pdftex only. 
Library `listings` is loaded instead. on input line 29.
) (/usr/share/texmf-dist/tex/latex/tcolorbox/tcbexternal.code.tex
Library (tcolorbox): 'tcbexternal.code.tex' version '6.9.0'
) (/usr/share/texmf-dist/tex/latex/tcolorbox/tcbmagazine.code.tex
Library (tcolorbox): 'tcbmagazine.code.tex' version '6.9.0'
) (/usr/share/texmf-dist/tex/latex/tcolorbox/tcbvignette.code.tex
Library (tcolorbox): 'tcbvignette.code.tex' version '6.9.0'

(/usr/share/texmf-dist/tex/generic/pgf/frontendlayer/tikz/libraries/tikzlibrary
fadings.code.tex
File: tikzlibraryfadings.code.tex 2025-08-29 v3.1.11a (3.1.11a)

(/usr/share/texmf-dist/tex/generic/pgf/libraries/pgflibraryfadings.code.tex
File: pgflibraryfadings.code.tex 2025-08-29 v3.1.11a (3.1.11a)
)))
(/usr/share/texmf-dist/tex/latex/tcolorbox/tcbposter.code.tex
Library (tcolorbox): 'tcbposter.code.tex' version '6.9.0'
))
\c@compromiso=\count385
\c@decision=\count386
) (/mnt/NuevoVol/FEP/Formato-Oferta-audIT/estilo/citas.sty
Package: citas 2026/09/26 Citas

(/usr/share/texmf-dist/tex/latex/biblatex/biblatex.sty
Package: biblatex 2025/07/10 v3.21 programmable bibliographies (PK/MW)

(/usr/share/texmf-dist/tex/generic/pdftexcmds/pdftexcmds.sty
Package: pdftexcmds 2020-06-27 v0.33 Utility functions of pdfTeX for LuaTeX (HO
)
Package pdftexcmds Info: \pdf@primitive is available.
Package pdftexcmds Info: \pdf@ifprimitive is available.
Package pdftexcmds Info: \pdfdraftmode found.
\pdftexcmds@toks=\toks50
)
(/usr/share/texmf-dist/tex/latex/kvoptions/kvoptions.sty
Package: kvoptions 2022-06-15 v3.15 Key value format for package options (HO)

(/usr/share/texmf-dist/tex/latex/kvsetkeys/kvsetkeys.sty
Package: kvsetkeys 2022-10-05 v1.19 Key value parser (HO)
))
(/usr/share/texmf-dist/tex/latex/logreq/logreq.sty
Package: logreq 2010/08/04 v1.0 xml request logger
\lrq@indent=\count387

(/usr/share/texmf-dist/tex/latex/logreq/logreq.def
File: logreq.def 2010/08/04 v1.0 logreq spec v1.0
))
(/usr/share/texmf-dist/tex/latex/base/ifthen.sty
Package: ifthen 2024/03/16 v1.1e Standard LaTeX ifthen package (DPC)
)
(/usr/share/texmf-dist/tex/latex/url/url.sty
\Urlmuskip=\muskip19
Package: url 2013/09/16  ver 3.4  Verb mode for urls, etc.
)
\c@tabx@nest=\count388
\c@listtotal=\count389
\c@listcount=\count390
\c@liststart=\count391
\c@liststop=\count392
\c@citecount=\count393
\c@citetotal=\count394
\c@multicitecount=\count395
\c@multicitetotal=\count396
\c@instcount=\count397
\c@maxnames=\count398
\c@minnames=\count399
\c@maxitems=\count400
\c@minitems=\count401
\c@citecounter=\count402
\c@maxcitecounter=\count403
\c@savedcitecounter=\count404
\c@uniquelist=\count405
\c@uniquename=\count406
\c@refsection=\count407
\c@refsegment=\count408
\c@maxextratitle=\count409
\c@maxextratitleyear=\count410
\c@maxextraname=\count411
\c@maxextradate=\count412
\c@maxextraalpha=\count413
\c@abbrvpenalty=\count414
\c@highnamepenalty=\count415
\c@lownamepenalty=\count416
\c@maxparens=\count417
\c@parenlevel=\count418
\blx@tempcnta=\count419
\blx@tempcntb=\count420
\blx@tempcntc=\count421
\c@blx@maxsection=\count422
\blx@maxsegment@0=\count423
\blx@notetype=\count424
\blx@parenlevel@text=\count425
\blx@parenlevel@foot=\count426
\blx@sectionciteorder@0=\count427
\blx@sectionciteorderinternal@0=\count428
\blx@entrysetcounter=\count429
\blx@biblioinstance=\count430
\labelnumberwidth=\skip102
\labelalphawidth=\skip103
\biblabelsep=\skip104
\bibitemsep=\skip105
\bibnamesep=\skip106
\bibinitsep=\skip107
\bibparsep=\skip108
\bibhang=\skip109
\blx@bcfin=\read5
\blx@bcfout=\write4
\blx@langwohyphens=\language8
\c@mincomprange=\count431
\c@maxcomprange=\count432
\c@mincompwidth=\count433
Package biblatex Info: Trying to load biblatex default data model...
Package biblatex Info: ... file 'blx-dm.def' found.

(/usr/share/texmf-dist/tex/latex/biblatex/blx-dm.def
File: blx-dm.def 2025/07/10 v3.21 biblatex datamodel (PK/MW)
)
Package biblatex Info: Trying to load biblatex style data model...
Package biblatex Info: ... file 'apa.dbx' found.

(/usr/share/texmf-dist/tex/latex/biblatex-apa/apa.dbx
File: apa.dbx 2025/08/27 v9.20 APA biblatex style data model
)
Package biblatex Info: Trying to load biblatex custom data model...
Package biblatex Info: ... file 'biblatex-dm.cfg' not found.
\c@afterword=\count434
\c@savedafterword=\count435
\c@annotator=\count436
\c@savedannotator=\count437
\c@author=\count438
\c@savedauthor=\count439
\c@bookauthor=\count440
\c@savedbookauthor=\count441
\c@commentator=\count442
\c@savedcommentator=\count443
\c@editor=\count444
\c@savededitor=\count445
\c@editora=\count446
\c@savededitora=\count447
\c@editorb=\count448
\c@savededitorb=\count449
\c@editorc=\count450
\c@savededitorc=\count451
\c@foreword=\count452
\c@savedforeword=\count453
\c@holder=\count454
\c@savedholder=\count455
\c@introduction=\count456
\c@savedintroduction=\count457
\c@namea=\count458
\c@savednamea=\count459
\c@nameb=\count460
\c@savednameb=\count461
\c@namec=\count462
\c@savednamec=\count463
\c@translator=\count464
\c@savedtranslator=\count465
\c@shortauthor=\count466
\c@savedshortauthor=\count467
\c@shorteditor=\count468
\c@savedshorteditor=\count469
\c@narrator=\count470
\c@savednarrator=\count471
\c@execproducer=\count472
\c@savedexecproducer=\count473
\c@execdirector=\count474
\c@savedexecdirector=\count475
\c@with=\count476
\c@savedwith=\count477
\c@labelname=\count478
\c@savedlabelname=\count479
\c@institution=\count480
\c@savedinstitution=\count481
\c@lista=\count482
\c@savedlista=\count483
\c@listb=\count484
\c@savedlistb=\count485
\c@listc=\count486
\c@savedlistc=\count487
\c@listd=\count488
\c@savedlistd=\count489
\c@liste=\count490
\c@savedliste=\count491
\c@listf=\count492
\c@savedlistf=\count493
\c@location=\count494
\c@savedlocation=\count495
\c@organization=\count496
\c@savedorganization=\count497
\c@origlocation=\count498
\c@savedoriglocation=\count499
\c@origpublisher=\count500
\c@savedorigpublisher=\count501
\c@publisher=\count502
\c@savedpublisher=\count503
\c@language=\count504
\c@savedlanguage=\count505
\c@origlanguage=\count506
\c@savedoriglanguage=\count507
\c@citation=\count508
\c@savedcitation=\count509
\c@pageref=\count510
\c@savedpageref=\count511
\shorthandwidth=\skip110
\shortjournalwidth=\skip111
\shortserieswidth=\skip112
\shorttitlewidth=\skip113
\shortauthorwidth=\skip114
\shorteditorwidth=\skip115
\locallabelnumberwidth=\skip116
\locallabelalphawidth=\skip117
\localshorthandwidth=\skip118
\localshortjournalwidth=\skip119
\localshortserieswidth=\skip120
\localshorttitlewidth=\skip121
\localshortauthorwidth=\skip122
\localshorteditorwidth=\skip123
Package biblatex Info: Trying to load enhanced support for Unicode engines...
Package biblatex Info: ... file 'blx-unicode.def' found.

(/usr/share/texmf-dist/tex/latex/biblatex/blx-unicode.def)
Package biblatex Info: Trying to load compatibility code...
Package biblatex Info: ... file 'blx-compat.def' found.

(/usr/share/texmf-dist/tex/latex/biblatex/blx-compat.def
File: blx-compat.def 2025/07/10 v3.21 biblatex compatibility (PK/MW)
)
Package biblatex Info: Trying to load generic definitions...
Package biblatex Info: ... file 'biblatex.def' found.

(/usr/share/texmf-dist/tex/latex/biblatex/biblatex.def
File: biblatex.def 2025/07/10 v3.21 biblatex compatibility (PK/MW)
\c@textcitecount=\count512
\c@textcitetotal=\count513
\c@textcitemaxnames=\count514
\c@biburlbigbreakpenalty=\count515
\c@biburlbreakpenalty=\count516
\c@biburlnumpenalty=\count517
\c@biburlucpenalty=\count518
\c@biburllcpenalty=\count519
\biburlbigskip=\muskip20
\biburlnumskip=\muskip21
\biburlucskip=\muskip22
\biburllcskip=\muskip23
\c@smartand=\count520
)
Package biblatex Info: Trying to load bibliography style 'apa'...
Package biblatex Info: ... file 'apa.bbx' found.

(/usr/share/texmf-dist/tex/latex/biblatex-apa/apa.bbx
File: apa.bbx 2025/08/27 v9.20 APA biblatex references style
Package biblatex Info: Trying to load bibliography style 'standard'...
Package biblatex Info: ... file 'standard.bbx' found.

(/usr/share/texmf-dist/tex/latex/biblatex/bbx/standard.bbx
File: standard.bbx 2025/07/10 v3.21 biblatex bibliography style (PK/MW)
\c@bbx:relatedcount=\count521
\c@bbx:relatedtotal=\count522
)
Package biblatex Info: Delimiter 'nameyeardelim' in context 'bib' already defin
ed, overwriting.
Package biblatex Info: Delimiter 'nameyeardelim' in context 'biblist' already d
efined, overwriting.
Package biblatex Info: Delimiter 'nonameyeardelim' in context 'bib' already def
ined, overwriting.
Package biblatex Info: Delimiter 'nonameyeardelim' in context 'biblist' already
 defined, overwriting.
)
Package biblatex Info: Trying to load citation style 'apa'...
Package biblatex Info: ... file 'apa.cbx' found.

(/usr/share/texmf-dist/tex/latex/biblatex-apa/apa.cbx
File: apa.cbx 2025/08/27 v9.20 APA biblatex citation style
Package biblatex Info: Delimiter 'nameyeardelim' in context '' already defined,
 overwriting.
Package biblatex Info: Delimiter 'andothersdelim' in context '' already defined
, overwriting.
Package biblatex Info: Redefining '\fullcite'.
Package biblatex Info: Redefining '\citeauthor'.
Package biblatex Info: Redefining '\citeyear'.
Package biblatex Info: Redefining '\cite'.
Package biblatex Info: Redefining '\cites'.
Package biblatex Info: Redefining '\parencite'.
Package biblatex Info: Redefining '\parencites'.
Package biblatex Info: Redefining '\footcite'.
Package biblatex Info: Redefining '\footcites'.
Package biblatex Info: Redefining '\footcitetext'.
Package biblatex Info: Redefining '\footcitetexts'.
Package biblatex Info: Redefining '\smartcite'.
Package biblatex Info: Redefining '\smartcites'.
Package biblatex Info: Redefining '\textcite'.
Package biblatex Info: Redefining '\textcites'.
Lua function BLTXAPAifInParensTF = 32)
Package biblatex Info: Trying to load configuration file...
Package biblatex Info: ... file 'biblatex.cfg' found.

(/usr/share/texmf-dist/tex/latex/biblatex/biblatex.cfg
File: biblatex.cfg 
)
Package biblatex Info: LuaTeX detected.
(biblatex)             Assuming input encoding 'utf8'.
Package biblatex Info: Document encoding is UTF8 ....
Package biblatex Info: ... and expl3
(biblatex)             2026-01-19 L3 programming layer (loader) 
(biblatex)             is new enough (at least 2020/04/06),
(biblatex)             setting 'casechanger=expl3'.

(/usr/share/texmf-dist/tex/latex/biblatex/blx-case-expl3.sty
Package: blx-case-expl3 2025/07/10 v3.21 expl3 case changing code for biblatex
))
\c@audit@citas=\count523
)
(/mnt/NuevoVol/FEP/Formato-Oferta-audIT/portadas/portadas.sty
Package: portadas 2026/09/26 Portadas y motivo

(/usr/share/texmf-dist/tex/generic/pgf/frontendlayer/tikz/libraries/tikzlibrary
shapes.geometric.code.tex
File: tikzlibraryshapes.geometric.code.tex 2025-08-29 v3.1.11a (3.1.11a)

(/usr/share/texmf-dist/tex/generic/pgf/libraries/shapes/pgflibraryshapes.geomet
ric.code.tex
File: pgflibraryshapes.geometric.code.tex 2025-08-29 v3.1.11a (3.1.11a)
)))
(/mnt/NuevoVol/FEP/Formato-Oferta-audIT/formularios/formularios.sty
Package: formularios 2026/09/26 Formularios
\l_audit_hr_n_int=\count524

(/mnt/NuevoVol/FEP/Formato-Oferta-audIT/formularios/T-6.tex)
(/mnt/NuevoVol/FEP/Formato-Oferta-audIT/formularios/T-8.tex)
(/mnt/NuevoVol/FEP/Formato-Oferta-audIT/formularios/T-9.tex)
(/mnt/NuevoVol/FEP/Formato-Oferta-audIT/formularios/T-10.tex)
(/mnt/NuevoVol/FEP/Formato-Oferta-audIT/formularios/T-11.tex)
(/mnt/NuevoVol/FEP/Formato-Oferta-audIT/formularios/T-12.tex
\l_audit_tdoce_ancho_dim=\dimen339
)
(/mnt/NuevoVol/FEP/Formato-Oferta-audIT/formularios/T-13.tex)
(/mnt/NuevoVol/FEP/Formato-Oferta-audIT/formularios/T-14.tex)
(/mnt/NuevoVol/FEP/Formato-Oferta-audIT/formularios/T-15.tex)
(/mnt/NuevoVol/FEP/Formato-Oferta-audIT/formularios/T-16.tex)
(/mnt/NuevoVol/FEP/Formato-Oferta-audIT/formularios/T-17.tex)
(/mnt/NuevoVol/FEP/Formato-Oferta-audIT/formularios/T-18.tex)
(/mnt/NuevoVol/FEP/Formato-Oferta-audIT/formularios/T-19.tex)
(/mnt/NuevoVol/FEP/Formato-Oferta-audIT/formularios/art46.tex))
(/mnt/NuevoVol/FEP/Formato-Oferta-audIT/estilo/ensamblado.sty
Package: ensamblado 2026/09/26 Ensamblado de entregas
)
(/mnt/NuevoVol/FEP/Formato-Oferta-audIT/estilo/economico.sty
Package: economico 2026/09/27 Documentos economicos
)
(/usr/share/texmf-dist/tex/latex/hyperref/xr-hyper.sty
Package: xr-hyper 2026-01-29 v7.01p eXternal References (DPC)
)
(/usr/share/texmf-dist/tex/latex/hyperref/hyperref.sty
Package: hyperref 2026-01-29 v7.01p Hypertext links for LaTeX

(/usr/share/texmf-dist/tex/generic/kvdefinekeys/kvdefinekeys.sty
Package: kvdefinekeys 2019-12-19 v1.6 Define keys (HO)
)
(/usr/share/texmf-dist/tex/generic/pdfescape/pdfescape.sty
Package: pdfescape 2019/12/09 v1.15 Implements pdfTeX's escape features (HO)
)
(/usr/share/texmf-dist/tex/latex/hycolor/hycolor.sty
Package: hycolor 2020-01-27 v1.10 Color options for hyperref/bookmark (HO)
)
(/usr/share/texmf-dist/tex/latex/hyperref/nameref.sty
Package: nameref 2026-01-29 v2.58 Cross-referencing by name of section

(/usr/share/texmf-dist/tex/latex/refcount/refcount.sty
Package: refcount 2019/12/15 v3.6 Data extraction from label references (HO)
)
(/usr/share/texmf-dist/tex/generic/gettitlestring/gettitlestring.sty
Package: gettitlestring 2019/12/15 v1.6 Cleanup title references (HO)
)
\c@section@level=\count525
)
(/usr/share/texmf-dist/tex/generic/stringenc/stringenc.sty
Package: stringenc 2019/11/29 v1.12 Convert strings between diff. encodings (HO
)
)
\@linkdim=\dimen340
\Hy@linkcounter=\count526
\Hy@pagecounter=\count527

(/usr/share/texmf-dist/tex/latex/hyperref/pd1enc.def
File: pd1enc.def 2026-01-29 v7.01p Hyperref: PDFDocEncoding definition (HO)
)
(/usr/share/texmf-dist/tex/generic/intcalc/intcalc.sty
Package: intcalc 2019/12/15 v1.3 Expandable calculations with integers (HO)
)
\Hy@SavedSpaceFactor=\count528

(/usr/share/texmf-dist/tex/latex/hyperref/puenc.def
File: puenc.def 2026-01-29 v7.01p Hyperref: PDF Unicode definition (HO)
)
Package hyperref Info: Option `unicode' set `true' on input line 4072.
Package hyperref Info: Option `pdfusetitle' set `true' on input line 4072.
Package hyperref Info: Option `bookmarksnumbered' set `true' on input line 4072
.
Package hyperref Info: Hyper figures OFF on input line 4201.
Package hyperref Info: Link nesting OFF on input line 4206.
Package hyperref Info: Hyper index ON on input line 4209.
Package hyperref Info: Plain pages OFF on input line 4216.
Package hyperref Info: Backreferencing OFF on input line 4221.
Package hyperref Info: Implicit mode ON; LaTeX internals redefined.
Package hyperref Info: Bookmarks ON on input line 4468.
\c@Hy@tempcnt=\count529
LaTeX Info: Redefining \url on input line 4807.
\XeTeXLinkMargin=\dimen341

(/usr/share/texmf-dist/tex/generic/bitset/bitset.sty
Package: bitset 2019/12/09 v1.3 Handle bit-vector datatype (HO)

(/usr/share/texmf-dist/tex/generic/bigintcalc/bigintcalc.sty
Package: bigintcalc 2019/12/15 v1.5 Expandable calculations on big integers (HO
)
))
\Fld@menulength=\count530
\Field@Width=\dimen342
\Fld@charsize=\dimen343
Package hyperref Info: Hyper figures OFF on input line 6084.
Package hyperref Info: Link nesting OFF on input line 6089.
Package hyperref Info: Hyper index ON on input line 6092.
Package hyperref Info: backreferencing OFF on input line 6099.
Package hyperref Info: Link coloring OFF on input line 6104.
Package hyperref Info: Link coloring with OCG OFF on input line 6109.
Package hyperref Info: PDF/A mode OFF on input line 6114.
\Hy@abspage=\count531
\c@Item=\count532
\c@Hfootnote=\count533
)
Package hyperref Info: Driver (autodetected): hluatex.

(/usr/share/texmf-dist/tex/latex/hyperref/hluatex.def
File: hluatex.def 2026-01-29 v7.01p Hyperref driver for luaTeX
\Fld@listcount=\count534
\c@bookmark@seq@number=\count535

(/usr/share/texmf-dist/tex/latex/rerunfilecheck/rerunfilecheck.sty
Package: rerunfilecheck 2025-06-21 v1.11 Rerun checks for auxiliary files (HO)

(/usr/share/texmf-dist/tex/generic/uniquecounter/uniquecounter.sty
Package: uniquecounter 2019/12/15 v1.4 Provide unlimited unique counter (HO)
)
Package uniquecounter Info: New unique counter `rerunfilecheck' on input line 2
84.
)
\Hy@SectionHShift=\skip124
)
(/usr/share/texmf-dist/tex/latex/bookmark/bookmark.sty
Package: bookmark 2023-12-10 v1.31 PDF bookmarks (HO)

(/usr/share/texmf-dist/tex/latex/bookmark/bkm-pdftex.def
File: bkm-pdftex.def 2023-12-10 v1.31 bookmark driver for pdfTeX and luaTeX (HO
)
\BKM@id=\count536
))
(/usr/share/texmf-dist/tex/latex/lastpage/lastpage.sty
Package: lastpage 2025/08/14 v2.1h lastpage: 2.09 or 2e? (HMM)

(/usr/share/texmf-dist/tex/latex/lastpage/lastpage2e.sty
Package: lastpage2e 2025/08/14 v2.1h Decide which 2e lastpage version to use (H
MM)

(/usr/share/texmf-dist/tex/latex/lastpage/lastpagemodern.sty
Package: lastpagemodern 2025-08-14 v2.1h Refers to last page's name (HMM; JPG)
\c@lastpagecount=\count537
) 
)) (/mnt/NuevoVol/FEP/Formato-Oferta-audIT/estilo/comunicado10.sty
Package: comunicado10 2026/09/29 Estructura del Comunicado 10

(/usr/share/texmf-dist/tex/latex/tools/afterpage.sty
Package: afterpage 2023/07/04 v1.08 After-Page Package (DPC)
\AP@output=\toks51
\AP@partial=\box96
\AP@footins=\box97
))
(/mnt/NuevoVol/FEP/Formato-Oferta-audIT/salida/aux/informe2/04T-11/externos.tex
Package xr Info: IMPORTING LABELS FROM salida/aux/informe2/externos/AUDIT-Subdo
cumento4.aux on input line 1.
)) (/mnt/NuevoVol/FEP/Formato-Oferta-audIT/configuracion/metadatos.tex)
(/mnt/NuevoVol/FEP/Formato-Oferta-audIT/configuracion/instancia.tex)
(/mnt/NuevoVol/FEP/Formato-Oferta-audIT/configuracion/subdocumentos.tex)
Package csquotes Info: Checking for multilingual support...
Package csquotes Info: ... found 'babel' package.
Package csquotes Info: Adjusting default style.
Package csquotes Info: Redefining alias 'default' -> 'spanish'.

(/mnt/NuevoVol/FEP/Formato-Oferta-audIT/salida/aux/informe2/04T-11/AUDIT-Formul
ario-T-11.aux
LaTeX Info: Redefining \. on input line 9.
LaTeX Info: Redefining \% on input line 9.
Package babel Info: 'spanish' activates 'spanish' shorthands.
(babel)             Reported on input line 9.
)
\openout1 = AUDIT-Formulario-T-11.aux

LaTeX Font Info:    Checking defaults for OML/cmm/m/it on input line 13.
LaTeX Font Info:    ... okay on input line 13.
LaTeX Font Info:    Checking defaults for OMS/cmsy/m/n on input line 13.
LaTeX Font Info:    ... okay on input line 13.
LaTeX Font Info:    Checking defaults for OT1/cmr/m/n on input line 13.
LaTeX Font Info:    ... okay on input line 13.
LaTeX Font Info:    Checking defaults for T1/cmr/m/n on input line 13.
LaTeX Font Info:    ... okay on input line 13.
LaTeX Font Info:    Checking defaults for TS1/cmr/m/n on input line 13.
LaTeX Font Info:    ... okay on input line 13.
LaTeX Font Info:    Checking defaults for TU/lmr/m/n on input line 13.
LaTeX Font Info:    ... okay on input line 13.
LaTeX Font Info:    Checking defaults for OMX/cmex/m/n on input line 13.
LaTeX Font Info:    ... okay on input line 13.
LaTeX Font Info:    Checking defaults for U/cmr/m/n on input line 13.
LaTeX Font Info:    ... okay on input line 13.
LaTeX Font Info:    Checking defaults for PD1/pdf/m/n on input line 13.
LaTeX Font Info:    ... okay on input line 13.
LaTeX Font Info:    Checking defaults for PU/pdf/m/n on input line 13.
LaTeX Font Info:    ... okay on input line 13.
 (/usr/share/texmf-dist/tex/context/base/mkii/supp-pdf.mkii
[Loading MPS to PDF converter (version 2006.09.02).]
\scratchcounter=\count538
\scratchdimen=\dimen344
\scratchbox=\box98
\nofMPsegments=\count539
\nofMParguments=\count540
\everyMPshowfont=\toks52
\MPscratchCnt=\count541
\MPscratchDim=\dimen345
\MPnumerator=\count542
\makeMPintoPDFobject=\count543
\everyMPtoPDFconversion=\toks53
) (/usr/share/texmf-dist/tex/latex/epstopdf-pkg/epstopdf-base.sty
Package: epstopdf-base 2020-01-24 v2.11 Base part for package epstopdf
Package epstopdf-base Info: Redefining graphics rule for `.eps' on input line 4
85.

(/usr/share/texmf-dist/tex/latex/latexconfig/epstopdf-sys.cfg
File: epstopdf-sys.cfg 2010/07/13 v1.3 Configuration of (r)epstopdf for TeX Liv
e
))
LaTeX Info: Redefining \. on input line 13.
LaTeX Info: Redefining \% on input line 13.
LaTeX Info: Redefining \microtypecontext on input line 13.
Package microtype Info: Applying patch `item' on input line 13.
Package microtype Info: Applying patch `toc' on input line 13.
Package microtype Info: Applying patch `eqnum' on input line 13.
Package microtype Info: Applying patch `footnote' on input line 13.
Package microtype Info: Applying patch `verbatim' on input line 13.
LaTeX Info: Redefining \microtypesetup on input line 13.
Package microtype Info: Generating PDF output.
Package microtype Info: Character protrusion enabled (level 2).
Package microtype Info: Using default protrusion set `alltext'.
Package microtype Info: Automatic font expansion enabled (level 2),
(microtype)             stretch: 20, shrink: 0, step: 1, non-selected.
Package microtype Info: Using default expansion set `alltext-nott'.
Package microtype Info: Patching command `\showhyphens'.
Package microtype Info: No adjustment of tracking.
Package microtype Info: No adjustment of spacing.
Package microtype Info: No adjustment of kerning.
Package microtype Info: Loading generic protrusion settings for font family
(microtype)             `IBMPlexSerif' (encoding: TU).
(microtype)             For optimal results, create family-specific settings.
(microtype)             See the microtype manual for details.

*geometry* driver: auto-detecting
*geometry* detected driver: luatex
*geometry* verbose mode - [ preamble ] result:
* driver: luatex
* paper: letterpaper
* layout: <same size as paper>
* layoutoffset:(h,v)=(0.0pt,0.0pt)
* modes: 
* h-part:(L,W,R)=(133.72795pt, 423.66154pt, 56.9055pt)
* v-part:(T,H,B)=(48.36967pt, 680.5pt, 66.10031pt)
* \paperwidth=614.295pt
* \paperheight=794.96999pt
* \textwidth=423.66154pt
* \textheight=680.5pt
* \oddsidemargin=61.45796pt
* \evensidemargin=61.45796pt
* \topmargin=-54.12668pt
* \headheight=16.0pt
* \headsep=14.22636pt
* \topskip=11.04124pt
* \footskip=20.0pt
* \marginparwidth=79.66771pt
* \marginparsep=19.91692pt
* \columnsep=10.0pt
* \skip\footins=10.0pt plus 4.0pt minus 2.0pt
* \hoffset=0.0pt
* \voffset=0.0pt
* \mag=1000
* \@twocolumnfalse
* \@twosidefalse
* \@mparswitchfalse
* \@reversemargintrue
* (1in=72.27pt=25.4mm, 1cm=28.453pt)

Package caption Info: Begin \AtBeginDocument code.
Package caption Info: hyperref package is loaded.
Package caption Info: listings package is loaded.
Package caption Info: End \AtBeginDocument code.
\c@lstlisting=\count544
Package biblatex Info: Trying to load language 'spanish' -> 'spanish-apa'...
Package biblatex Info: ... file 'spanish-apa.lbx' found.
(/usr/share/texmf-dist/tex/latex/biblatex-apa/spanish-apa.lbx
File: spanish-apa.lbx 2025/08/27 v9.20 APA biblatex localisation
Package biblatex Info: Trying to load language 'spanish'...
Package biblatex Info: ... file 'spanish.lbx' found.

(/usr/share/texmf-dist/tex/latex/biblatex/lbx/spanish.lbx
File: spanish.lbx 2025/07/10 v3.21 biblatex localization (PK/MW)
)
Package biblatex Info: Trying to load language 'spanish'...
Package biblatex Info: ... file 'spanish.lbx' found.

(/usr/share/texmf-dist/tex/latex/biblatex/lbx/spanish.lbx
File: spanish.lbx 2025/07/10 v3.21 biblatex localization (PK/MW)
))
Package biblatex Info: LuaTeX detected.
(biblatex)             Assuming input encoding 'utf8'.
Package biblatex Info: Automatic encoding selection.
(biblatex)             Assuming data encoding 'utf8'.

\openout4 = AUDIT-Formulario-T-11.bcf
Package biblatex Info: Trying to load bibliographic data...
Package biblatex Info: ... file 'AUDIT-Formulario-T-11.bbl' found.

(/mnt/NuevoVol/FEP/Formato-Oferta-audIT/salida/aux/informe2/04T-11/AUDIT-Formul
ario-T-11.bbl)
Package biblatex Info: Reference section=0 on input line 13.
Package biblatex Info: Reference segment=0 on input line 13.
Package hyperref Info: Link coloring OFF on input line 13.

(/mnt/NuevoVol/FEP/Formato-Oferta-audIT/subdocumentos/04-arquitectura/meta.tex)
<portadas/activos/camion.jpg, id=43, 1096.095pt x 1445.4pt>
File: portadas/activos/camion.jpg Graphic file (type jpg)
<use portadas/activos/camion.jpg>
Package luatex.def Info: portadas/activos/camion.jpg  used on input line 17.
(luatex.def)             Requested size: 614.295pt x 810.08014pt.
<portadas/activos/logo-audit.png, id=44, 2076.75874pt x 762.85pt>
File: portadas/activos/logo-audit.png Graphic file (type png)
<use portadas/activos/logo-audit.png>
Package luatex.def Info: portadas/activos/logo-audit.png  used on input line 17
.
(luatex.def)             Requested size: 147.16254pt x 54.06023pt.
<portadas/activos/media-firma.png, id=45, 550.055pt x 299.1175pt>
File: portadas/activos/media-firma.png Graphic file (type png)
<use portadas/activos/media-firma.png>
Package luatex.def Info: portadas/activos/media-firma.png  used on input line 1
7.
(luatex.def)             Requested size: 49.70424pt x 27.02895pt.
Package microtype Info: Loading generic protrusion settings for font family
(microtype)             `IBMPlexSans' (encoding: TU).
(microtype)             For optimal results, create family-specific settings.
(microtype)             See the microtype manual for details.
[1


{/var/lib/texmf/fonts/map/pdftex/updmap/pdftex.map}</mnt/NuevoVol/FEP/Formato-Of
erta-audIT/portadas/activos/camion.jpg></mnt/NuevoVol/FEP/Formato-Oferta-audIT/p
ortadas/activos/logo-audit.png></mnt/NuevoVol/FEP/Formato-Oferta-audIT/portadas/
activos/media-firma.png>]
File: portadas/activos/logo-audit.png Graphic file (type png)
<use portadas/activos/logo-audit.png>
Package luatex.def Info: portadas/activos/logo-audit.png  used on input line 17
.
(luatex.def)             Requested size: 92.94308pt x 34.1433pt.
Inserting `luaotfload.letterspace' in `pre_linebreak_filter'.
Inserting `luaotfload.letterspace' in `hpack_filter'.
Package microtype Info: Loading generic protrusion settings for font family
(microtype)             `IBMPlexMono' (encoding: TU).
(microtype)             For optimal results, create family-specific settings.
(microtype)             See the microtype manual for details.
AUDIT-MARCADOR: Nombre del representante legal
AUDIT-MARCADOR: RUT del representante
File: portadas/activos/media-firma.png Graphic file (type png)
<use portadas/activos/media-firma.png>
Package luatex.def Info: portadas/activos/media-firma.png  used on input line 1
7.
(luatex.def)             Requested size: 49.70424pt x 27.02895pt.
 [2


]
AUDIT-MARCADOR: RUT de la empresa
AUDIT-MARCADOR: Nombre del representante legal
AUDIT-MARCADOR: RUT del representante
AUDIT-MARCADOR: Nombre del representante legal
AUDIT-MARCADOR: RUT del representante
File: portadas/activos/logo-audit.png Graphic file (type png)
<use portadas/activos/logo-audit.png>
Package luatex.def Info: portadas/activos/logo-audit.png  used on input line 17
.
(luatex.def)             Requested size: 34.0654pt x 12.51918pt.
LaTeX Info: Redefining \. on input line 17.
LaTeX Info: Redefining \% on input line 17.
Package babel Info: 'spanish' activates 'spanish' shorthands.
(babel)             Reported on input line 17.
File: portadas/activos/media-firma.png Graphic file (type png)
<use portadas/activos/media-firma.png>
Package luatex.def Info: portadas/activos/media-firma.png  used on input line 1
7.
(luatex.def)             Requested size: 49.70424pt x 27.02895pt.
 [3


]
(/mnt/NuevoVol/FEP/Formato-Oferta-audIT/subdocumentos/04-arquitectura/formulari
os/T-11.tex
\g_audit_reg_t11_int=\count545
Package microtype Info: Loading generic protrusion settings for font family
(microtype)             `IBMPlexSansCondensed' (encoding: TU).
(microtype)             For optimal results, create family-specific settings.
(microtype)             See the microtype manual for details.
AUDIT-MARCADOR: dupla 3: confirmación del bus de eventos
AUDIT-MARCADOR: dupla 3: tamaño y cantidad de nodos
AUDIT-MARCADOR: dupla 3: nivel y almacenamiento según el Subdocumento 5
AUDIT-MARCADOR: dupla 3: reemplazo de Azure Cache for Redis, que se retira el 3
0-09-2028
AUDIT-MARCADOR: dupla 3: nivel
AUDIT-MARCADOR: dupla 3: productos del repositorio analítico y de la herramien
ta de autoservicio
AUDIT-MARCADOR: dupla 3: nivel
/mnt/NuevoVol/FEP/Formato-Oferta-audIT/subdocumentos/04-arquitectura/formularios
/T-11.tex:696: ignored: Infinite glue shrinkage found in box being split
File: portadas/activos/logo-audit.png Graphic file (type png)
<use portadas/activos/logo-audit.png>
Package luatex.def Info: portadas/activos/logo-audit.png  used on input line 69
6.
(luatex.def)             Requested size: 34.0654pt x 12.51918pt.
File: portadas/activos/media-firma.png Graphic file (type png)
<use portadas/activos/media-firma.png>
Package luatex.def Info: portadas/activos/media-firma.png  used on input line 6
96.
(luatex.def)             Requested size: 49.70424pt x 27.02895pt.
 [4


]
/mnt/NuevoVol/FEP/Formato-Oferta-audIT/subdocumentos/04-arquitectura/formularios
/T-11.tex:696: ignored: Infinite glue shrinkage found in box being split
File: portadas/activos/logo-audit.png Graphic file (type png)
<use portadas/activos/logo-audit.png>
Package luatex.def Info: portadas/activos/logo-audit.png  used on input line 69
6.
(luatex.def)             Requested size: 34.0654pt x 12.51918pt.
LaTeX Info: Redefining \. on input line 696.
LaTeX Info: Redefining \% on input line 696.
File: portadas/activos/media-firma.png Graphic file (type png)
<use portadas/activos/media-firma.png>
Package luatex.def Info: portadas/activos/media-firma.png  used on input line 6
96.
(luatex.def)             Requested size: 49.70424pt x 27.02895pt.
 [5]
/mnt/NuevoVol/FEP/Formato-Oferta-audIT/subdocumentos/04-arquitectura/formularios
/T-11.tex:696: ignored: Infinite glue shrinkage found in box being split
File: portadas/activos/logo-audit.png Graphic file (type png)
<use portadas/activos/logo-audit.png>
Package luatex.def Info: portadas/activos/logo-audit.png  used on input line 69
6.
(luatex.def)             Requested size: 34.0654pt x 12.51918pt.
LaTeX Info: Redefining \. on input line 696.
LaTeX Info: Redefining \% on input line 696.
File: portadas/activos/media-firma.png Graphic file (type png)
<use portadas/activos/media-firma.png>
Package luatex.def Info: portadas/activos/media-firma.png  used on input line 6
96.
(luatex.def)             Requested size: 49.70424pt x 27.02895pt.
 [6]
/mnt/NuevoVol/FEP/Formato-Oferta-audIT/subdocumentos/04-arquitectura/formularios
/T-11.tex:696: ignored: Infinite glue shrinkage found in box being split
File: portadas/activos/logo-audit.png Graphic file (type png)
<use portadas/activos/logo-audit.png>
Package luatex.def Info: portadas/activos/logo-audit.png  used on input line 69
6.
(luatex.def)             Requested size: 34.0654pt x 12.51918pt.
LaTeX Info: Redefining \. on input line 696.
LaTeX Info: Redefining \% on input line 696.
File: portadas/activos/media-firma.png Graphic file (type png)
<use portadas/activos/media-firma.png>
Package luatex.def Info: portadas/activos/media-firma.png  used on input line 6
96.
(luatex.def)             Requested size: 49.70424pt x 27.02895pt.
 [7]
/mnt/NuevoVol/FEP/Formato-Oferta-audIT/subdocumentos/04-arquitectura/formularios
/T-11.tex:696: ignored: Infinite glue shrinkage found in box being split
File: portadas/activos/logo-audit.png Graphic file (type png)
<use portadas/activos/logo-audit.png>
Package luatex.def Info: portadas/activos/logo-audit.png  used on input line 69
6.
(luatex.def)             Requested size: 34.0654pt x 12.51918pt.
LaTeX Info: Redefining \. on input line 696.
LaTeX Info: Redefining \% on input line 696.
File: portadas/activos/media-firma.png Graphic file (type png)
<use portadas/activos/media-firma.png>
Package luatex.def Info: portadas/activos/media-firma.png  used on input line 6
96.
(luatex.def)             Requested size: 49.70424pt x 27.02895pt.
 [8]
/mnt/NuevoVol/FEP/Formato-Oferta-audIT/subdocumentos/04-arquitectura/formularios
/T-11.tex:696: ignored: Infinite glue shrinkage found in box being split
File: portadas/activos/logo-audit.png Graphic file (type png)
<use portadas/activos/logo-audit.png>
Package luatex.def Info: portadas/activos/logo-audit.png  used on input line 69
6.
(luatex.def)             Requested size: 34.0654pt x 12.51918pt.
LaTeX Info: Redefining \. on input line 696.
LaTeX Info: Redefining \% on input line 696.
File: portadas/activos/media-firma.png Graphic file (type png)
<use portadas/activos/media-firma.png>
Package luatex.def Info: portadas/activos/media-firma.png  used on input line 6
96.
(luatex.def)             Requested size: 49.70424pt x 27.02895pt.
 [9]
/mnt/NuevoVol/FEP/Formato-Oferta-audIT/subdocumentos/04-arquitectura/formularios
/T-11.tex:696: ignored: Infinite glue shrinkage found in box being split
File: portadas/activos/logo-audit.png Graphic file (type png)
<use portadas/activos/logo-audit.png>
Package luatex.def Info: portadas/activos/logo-audit.png  used on input line 69
6.
(luatex.def)             Requested size: 34.0654pt x 12.51918pt.
LaTeX Info: Redefining \. on input line 696.
LaTeX Info: Redefining \% on input line 696.
File: portadas/activos/media-firma.png Graphic file (type png)
<use portadas/activos/media-firma.png>
Package luatex.def Info: portadas/activos/media-firma.png  used on input line 6
96.
(luatex.def)             Requested size: 49.70424pt x 27.02895pt.
 [10]
/mnt/NuevoVol/FEP/Formato-Oferta-audIT/subdocumentos/04-arquitectura/formularios
/T-11.tex:696: ignored: Infinite glue shrinkage found in box being split
File: portadas/activos/logo-audit.png Graphic file (type png)
<use portadas/activos/logo-audit.png>
Package luatex.def Info: portadas/activos/logo-audit.png  used on input line 69
6.
(luatex.def)             Requested size: 34.0654pt x 12.51918pt.
LaTeX Info: Redefining \. on input line 696.
LaTeX Info: Redefining \% on input line 696.
File: portadas/activos/media-firma.png Graphic file (type png)
<use portadas/activos/media-firma.png>
Package luatex.def Info: portadas/activos/media-firma.png  used on input line 6
96.
(luatex.def)             Requested size: 49.70424pt x 27.02895pt.
 [11]
/mnt/NuevoVol/FEP/Formato-Oferta-audIT/subdocumentos/04-arquitectura/formularios
/T-11.tex:696: ignored: Infinite glue shrinkage found in box being split
File: portadas/activos/logo-audit.png Graphic file (type png)
<use portadas/activos/logo-audit.png>
Package luatex.def Info: portadas/activos/logo-audit.png  used on input line 69
6.
(luatex.def)             Requested size: 34.0654pt x 12.51918pt.
LaTeX Info: Redefining \. on input line 696.
LaTeX Info: Redefining \% on input line 696.
File: portadas/activos/media-firma.png Graphic file (type png)
<use portadas/activos/media-firma.png>
Package luatex.def Info: portadas/activos/media-firma.png  used on input line 6
96.
(luatex.def)             Requested size: 49.70424pt x 27.02895pt.
 [12])
File: portadas/activos/logo-audit.png Graphic file (type png)
<use portadas/activos/logo-audit.png>
Package luatex.def Info: portadas/activos/logo-audit.png  used on input line 18
.
(luatex.def)             Requested size: 34.0654pt x 12.51918pt.
LaTeX Info: Redefining \. on input line 18.
LaTeX Info: Redefining \% on input line 18.
File: portadas/activos/media-firma.png Graphic file (type png)
<use portadas/activos/media-firma.png>
Package luatex.def Info: portadas/activos/media-firma.png  used on input line 1
8.
(luatex.def)             Requested size: 49.70424pt x 27.02895pt.
 [13]

enddocument/afterlastpage (AED): lastpage setting LastPage.

(/mnt/NuevoVol/FEP/Formato-Oferta-audIT/salida/aux/informe2/04T-11/AUDIT-Formul
ario-T-11.aux
LaTeX Info: Redefining \sptext on input line 9.
LaTeX Info: Redefining \. on input line 9.
LaTeX Info: Redefining \% on input line 9.
)
 ***********
LaTeX2e <2025-11-01>
L3 programming layer <2026-01-19>
 ***********
Package logreq Info: Writing requests to 'AUDIT-Formulario-T-11.run.xml'.

\openout1 = AUDIT-Formulario-T-11.run.xml
)

Here is how much of LuaTeX's memory you used:
 51326 strings out of 476076
 1165200,2373549 words of node,token memory allocated
 1778 words of node memory still in use:
   32 hlist, 2 vlist, 14 rule, 1 local_par, 6 glue, 4 kern, 1 penalty, 1 glyph, 
166 attribute, 104 glue_spec, 84 attribute_list, 2 write, 24 pdf_literal, 26 pdf
_colorstack nodes
   avail lists: 1:8,2:24879,3:4652,4:2817,5:13759,6:1872,7:88984,8:8,9:13240,10:
21,11:10153
 72468 multiletter control sequences out of 65536+600000
 119 fonts using 37276463 bytes
 120i,16n,124p,1799b,2807s stack positions out of 10000i,1000n,20000p,200000b,200000s
</usr/share/texmf-dist/fonts/opentype/ibm/plex/IBMPlexMath-Regular.otf></usr/sha
re/texmf-dist/fonts/opentype/ibm/plex/IBMPlexSansCondensed-Regular.otf></usr/sha
re/texmf-dist/fonts/opentype/ibm/plex/IBMPlexSansCondensed-SemiBold.otf></usr/sh
are/texmf-dist/fonts/opentype/ibm/plex/IBMPlexMono-SemiBold.otf></usr/share/texm
f-dist/fonts/opentype/ibm/plex/IBMPlexMono-Regular.otf></usr/share/texmf-dist/fo
nts/opentype/ibm/plex/IBMPlexSans-Light.otf></usr/share/texmf-dist/fonts/opentyp
e/ibm/plex/IBMPlexSans-Medium.otf></usr/share/texmf-dist/fonts/opentype/ibm/plex
/IBMPlexSans-SemiBold.otf></usr/share/texmf-dist/fonts/opentype/ibm/plex/IBMPlex
Sans-Regular.otf>
Output written on AUDIT-Formulario-T-11.pdf (13 pages, 800015 bytes).

PDF statistics: 184 PDF objects out of 1000 (max. 8388607)
 111 compressed objects within 2 object streams
 18 named destinations out of 1000 (max. 1048576)
 272 words of extra memory for PDF output out of 10000 (max. 100000000)

